"dateTime","url","title","dayChange","weekChange","monthChange","semesterChange","tickerLength","tickerList"
"2022-11-30 16:09:34","https://stockplus.com/m/investing_strategies/topics/9","참치 원양어업","0.08%","-2.51%","2.61%","0.45%",5,"동원수산 (+1.67%),사조산업 (+0.61%),사조오양 (+0.51%),신라교역 (-0.43%),동원산업 (-1.98%)"
"2022-11-30 16:09:36","https://stockplus.com/m/investing_strategies/topics/52","카메라","0.77%","-7.55%","8.64%","3.45%",23,"삼성전기 (+4.83%),LG이노텍 (+3.85%),덕우전자 (+2.80%),액트로 (+2.10%),옵트론텍 (+1.92%),캠시스 (+1.89%),자화전자 (+1.88%),엠씨넥스 (+1.72%),라온피플 (+1.45%),파트론 (+1.39%),엘컴텍 (+1.10%),파워로직스 (+0.96%),유티아이 (+0.40%),드림텍 (+0.31%),퓨런티어 (+0.24%),탑엔지니어링 (+0.18%),지나인제약 (0.00%),재영솔루텍 (-0.17%),동운아나텍 (-0.46%),하이비젼시스템 (-0.55%),아이윈플러스 (-1.04%),나무가 (-3.64%),SBW생명과학 (-4.18%)"
"2022-11-30 16:09:38","https://stockplus.com/m/investing_strategies/topics/145","스마트팩토리 (제조용 로봇)","0.45%","-8.33%","5.00%","-0.53%",23,"포스코 ICT (+9.86%),이삭엔지니어링 (+3.47%),삼성에스디에스 (+2.82%),티라유텍 (+2.39%),현대무벡스 (+1.50%),링크제니시스 (+1.22%),스맥 (+0.54%),TPC (+0.41%),삼익THK (+0.38%),뉴로메카 (+0.33%),신성이엔지 (0.00%),로보스타 (0.00%),에스피시스템스 (-0.23%),휴림로봇 (-0.24%),알에스오토메이션 (-0.38%),에스엠코어 (-0.49%),하이비젼시스템 (-0.55%),유일로보틱스 (-1.10%),코닉오토메이션 (-1.34%),우신시스템 (-1.37%),에스비비테크 (-1.59%),넥스턴바이오 (-2.50%),에스피지 (-2.79%)"
"2022-11-30 16:09:40","https://stockplus.com/m/investing_strategies/topics/149","미디어 - 음원서비스","0.46%","-10.99%","8.93%","3.20%",4,"TJ미디어 (+1.13%),드림어스컴퍼니 (+0.87%),NHN벅스 (+0.49%),지니뮤직 (-0.64%)"
"2022-11-30 16:09:41","https://stockplus.com/m/investing_strategies/topics/150","CCTV","0.26%","-13.37%","5.47%","3.48%",13,"인콘 (+2.82%),아이디스홀딩스 (+1.98%),포커스에이치엔에스 (+1.95%),코위버 (+1.69%),코콤 (+1.08%),앤씨앤 (+0.58%),뉴지랩파마 (+0.22%),에스원 (0.00%),하이트론 (0.00%),아이디스 (-0.40%),한화에어로스페이스 (-1.09%),코맥스 (-2.26%),시티랩스 (-3.46%)"
"2022-11-30 16:09:43","https://stockplus.com/m/investing_strategies/topics/154","자동차 연비개선 - 경량화","0.66%","1.24%","12.43%","1.36%",25,"삼기 (+3.81%),센트랄모텍 (+3.24%),대유플러스 (+2.41%),효성 (+2.14%),알루코 (+2.12%),POSCO홀딩스 (+2.04%),핸즈코퍼레이션 (+1.99%),삼보산업 (+1.85%),삼양사 (+1.29%),성우하이텍 (+1.18%),LX하우시스 (+1.13%),일지테크 (+1.05%),HDC현대EP (+0.97%),한국카본 (+0.85%),코프라 (+0.74%),코오롱플라스틱 (+0.49%),대호에이엘 (+0.31%),삼원강재 (+0.18%),아진산업 (0.00%),롯데케미칼 (-0.81%),엠에스오토텍 (-1.37%),코리아에프티 (-1.55%),코다코 (-2.10%),에코플라스틱 (-2.16%),엔바이오니아 (-3.28%)"
"2022-11-30 16:09:45","https://stockplus.com/m/investing_strategies/topics/169","렌터카·중고차","2.85%","-15.72%","7.85%","4.50%",6,"케이카 (+11.33%),SK렌터카 (+2.03%),롯데렌탈 (+1.22%),SK네트웍스 (+1.20%),레드캡투어 (+0.79%),쏘카 (+0.52%)"
"2022-11-30 16:09:47","https://stockplus.com/m/investing_strategies/topics/174","시스템반도체 (비메모리 반도체)","0.15%","-6.75%","3.75%","-0.49%",38,"고영 (+2.90%),티엘아이 (+2.63%),아이앤씨 (+2.29%),엘디티 (+2.18%),아나패스 (+1.76%),엘비루셈 (+1.53%),하나마이크론 (+0.93%),아이텍 (+0.72%),앤씨앤 (+0.58%),유니퀘스트 (+0.57%),알파홀딩스 (+0.49%),네패스아크 (+0.45%),넥스트칩 (+0.39%),시그네틱스 (+0.39%),텔레칩스 (+0.39%),엘비세미콘 (+0.38%),에이디칩스 (+0.33%),디아이 (+0.31%),오픈엣지테크놀로지 (+0.23%),코아시아 (+0.18%),픽셀플러스 (0.00%),지니틱스 (0.00%),서플러스글로벌 (-0.17%),오디텍 (-0.20%),SFA반도체 (-0.22%),아이에이 (-0.29%),칩스앤미디어 (-0.32%),에이디테크놀로지 (-0.34%),동운아나텍 (-0.46%),다믈멀티미디어 (-0.50%),테크윙 (-0.62%),어보브반도체 (-0.70%),DB하이텍 (-0.78%),LX세미콘 (-1.02%),유니테스트 (-1.53%),네패스 (-1.79%),에프에스티 (-2.42%),두산테스나 (-2.56%)"
"2022-11-30 16:09:48","https://stockplus.com/m/investing_strategies/topics/194","클라우드 컴퓨팅","0.96%","1.70%","11.65%","1.61%",20,"다우데이타 (+10.63%),데이타솔루션 (+4.91%),다우기술 (+3.48%),더존비즈온 (+1.70%),인지소프트 (+1.56%),한글과컴퓨터 (+1.45%),폴라리스오피스 (+0.96%),효성ITX (+0.71%),가비아 (+0.47%),케이아이엔엑스 (+0.19%),파수 (+0.11%),지엔씨에너지 (0.00%),포시에스 (0.00%),웹케시 (0.00%),영림원소프트랩 (0.00%),나무기술 (-0.76%),파이오링크 (-1.15%),안랩 (-1.44%),알서포트 (-1.68%),솔트룩스 (-2.02%)"
"2022-11-30 16:09:50","https://stockplus.com/m/investing_strategies/topics/196","OLED - 장비","-0.34%","-2.40%","8.66%","1.50%",39,"APS홀딩스 (+2.96%),선익시스템 (+2.06%),비아트론 (+1.05%),더코디 (+1.00%),DMS (+0.95%),케이씨텍 (+0.92%),영우디에스피 (+0.70%),아이씨디 (+0.66%),에스에프에이 (+0.63%),동아엘텍 (+0.58%),브이원텍 (+0.46%),주성엔지니어링 (+0.40%),엘오티베큠 (+0.40%),베셀 (+0.32%),탑엔지니어링 (+0.18%),HB테크놀러지 (0.00%),인베니아 (0.00%),한송네오텍 (0.00%),디바이스이엔지 (0.00%),티로보틱스 (0.00%),나래나노텍 (0.00%),AP시스템 (-0.26%),에스티아이 (-0.36%),디에스케이 (-0.37%),필옵틱스 (-0.38%),에프엔에스테크 (-0.47%),코세스 (-0.92%),힘스 (-0.93%),에스엔유 (-0.97%),이오테크닉스 (-1.13%),디아이티 (-1.19%),케이피에스 (-1.25%),티에스이 (-1.42%),예스티 (-1.69%),아바코 (-2.50%),디이엔티 (-2.73%),제이스텍 (-2.90%),HB솔루션 (-3.23%),야스 (-3.40%)"
"2022-11-30 16:09:52","https://stockplus.com/m/investing_strategies/topics/201","건강기능식품","0.33%","-11.49%","3.68%","1.53%",22,"KT&G (+3.31%),에이치엘사이언스 (+3.16%),알피바이오 (+2.92%),쎌바이오텍 (+1.67%),광동제약 (+1.50%),휴럼 (+1.31%),녹십자웰빙 (+0.47%),종근당홀딩스 (+0.18%),서흥 (+0.15%),에스앤디 (0.00%),비피도 (0.00%),네오크레마 (0.00%),뉴트리 (-0.11%),코스맥스엔비티 (-0.23%),HK이노엔 (-0.26%),팜스빌 (-0.39%),콜마비앤에이치 (-0.42%),노바렉스 (-0.50%),프롬바이오 (-0.76%),휴온스 (-1.15%),일동제약 (-1.54%),에이치피오 (-2.06%)"
"2022-11-30 16:09:54","https://stockplus.com/m/investing_strategies/topics/204","발전 - 태양광","1.56%","-16.89%","4.44%","-0.28%",10,"윌링스 (+11.54%),대성파인텍 (+2.72%),에스에너지 (+2.02%),SDN (+1.99%),대명에너지 (+0.78%),OCI (0.00%),신성이엔지 (0.00%),수산인더스트리 (-0.22%),현대에너지솔루션 (-1.49%),한화솔루션 (-1.72%)"
"2022-11-30 16:09:55","https://stockplus.com/m/investing_strategies/topics/206","드론·플라잉카","0.01%","-7.06%","7.64%","2.00%",14,"기산텔레콤 (+7.87%),해성옵틱스 (+2.69%),엠씨넥스 (+1.72%),베셀 (+0.32%),휴니드 (+0.16%),한빛소프트 (0.00%),퍼스텍 (-0.52%),제이씨현시스템 (-0.54%),노블엠앤비 (-0.76%),네온테크 (-1.21%),매커스 (-1.36%),티쓰리 (-1.88%),피씨디렉트 (-2.77%),나무가 (-3.64%)"
"2022-11-30 16:09:57","https://stockplus.com/m/investing_strategies/topics/214","치아·임플란트","3.07%","-5.83%","7.67%","3.89%",13,"대성하이텍 (+29.99%),덴티움 (+2.92%),레이언스 (+2.84%),오스코텍 (+2.82%),메타바이오메드 (+1.57%),덴티스 (+1.11%),레이 (+1.02%),오스테오닉 (+0.97%),오스템임플란트 (+0.91%),나이벡 (0.00%),신흥 (-0.33%),바텍 (-0.47%),디오 (-3.50%)"
"2022-11-30 16:09:59","https://stockplus.com/m/investing_strategies/topics/215","수소차 - 연료전지","0.97%","-0.61%","16.41%","1.81%",16,"비나텍 (+5.20%),STX중공업 (+2.45%),현대모비스 (+2.16%),에스에너지 (+2.02%),코오롱인더 (+1.66%),미코 (+1.18%),현대제철 (+1.04%),에스퓨얼셀 (+1.02%),동아화성 (+0.89%),평화산업 (+0.71%),평화홀딩스 (+0.70%),상아프론테크 (+0.17%),동양피스톤 (+0.10%),시노펙스 (-0.34%),SNT모티브 (-0.56%),두산퓨얼셀 (-2.89%)"
"2022-11-30 16:10:01","https://stockplus.com/m/investing_strategies/topics/217","취업·일자리","0.49%","-19.59%","-1.89%","-0.59%",5,"사람인에이치알 (+1.08%),메가엠디 (+0.91%),YBM넷 (+0.80%),윌비스 (0.00%),원티드랩 (-0.37%)"
"2022-11-30 16:10:02","https://stockplus.com/m/investing_strategies/topics/218","무선충전","1.72%","-3.84%","10.87%","2.93%",14,"포스코 ICT (+9.86%),켐트로닉스 (+4.41%),LG이노텍 (+3.85%),동양이엔피 (+1.99%),이랜텍 (+1.99%),아모센스 (+1.70%),알에프텍 (+1.51%),LS (+1.35%),한솔테크닉스 (+0.90%),크로바하이텍 (0.00%),아모텍 (0.00%),소니드 (-0.64%),삼화전자 (-0.71%),유아이엘 (-2.13%)"
"2022-11-30 16:10:04","https://stockplus.com/m/investing_strategies/topics/222","여행·레저","-0.38%","-9.43%","9.68%","4.58%",7,"레드캡투어 (+0.79%),롯데관광개발 (+0.42%),노랑풍선 (+0.32%),모두투어 (-0.31%),참좋은여행 (-0.63%),하나투어 (-1.34%),세중 (-1.93%)"
"2022-11-30 16:10:06","https://stockplus.com/m/investing_strategies/topics/223","음식료 - 라면","0.67%","-2.98%","1.08%","0.23%",5,"삼양식품 (+3.24%),농심홀딩스 (+0.31%),농심 (0.00%),에스앤디 (0.00%),오뚜기 (-0.22%)"
"2022-11-30 16:10:08","https://stockplus.com/m/investing_strategies/topics/228","음식료 - 주류","0.27%","-11.98%","6.96%","-2.55%",6,"롯데칠성 (+1.29%),국순당 (+0.88%),무학 (+0.59%),보해양조 (+0.30%),하이트진로 (0.00%),제주맥주 (-1.45%)"
"2022-11-30 16:10:09","https://stockplus.com/m/investing_strategies/topics/229","스마트그리드","1.47%","-8.69%","9.42%","1.61%",18,"포스코 ICT (+9.86%),누리플렉스 (+4.35%),피에스텍 (+2.63%),아이앤씨 (+2.29%),지투파워 (+2.21%),이글루 (+1.89%),일진전기 (+1.42%),코콤 (+1.08%),광명전기 (+0.82%),CS (+0.64%),스맥 (+0.54%),일진홀딩스 (+0.34%),한전산업 (+0.21%),서전기전 (0.00%),피앤씨테크 (0.00%),비츠로셀 (-0.36%),옴니시스템 (-0.58%),LS ELECTRIC (-0.86%)"
"2022-11-30 16:10:11","https://stockplus.com/m/investing_strategies/topics/230","동물백신·방역","-0.12%","5.37%","8.79%","3.19%",18,"체시스 (+2.09%),코미팜 (+1.72%),제일바이오 (+1.06%),진바이오텍 (+0.99%),태경케미컬 (+0.90%),태경비케이 (+0.68%),중앙백신 (+0.43%),씨티씨바이오 (+0.28%),대한뉴팜 (+0.22%),태경산업 (+0.14%),우진비앤지 (0.00%),대성미생물 (0.00%),이글벳 (-0.15%),오디텍 (-0.20%),파루 (-0.22%),수젠텍 (-1.47%),전진바이오팜 (-1.52%),경동인베스트 (-7.06%)"
"2022-11-30 16:10:13","https://stockplus.com/m/investing_strategies/topics/232","페인트","0.87%","-8.56%","5.21%","2.27%",7,"조광페인트 (+2.84%),노루페인트 (+2.07%),강남제비스코 (+0.94%),삼화페인트 (+0.48%),노루홀딩스 (0.00%),KCC (0.00%),벽산 (-0.23%)"
"2022-11-30 16:10:15","https://stockplus.com/m/investing_strategies/topics/234","OLED - 소재·부품","0.49%","-4.49%","6.03%","1.17%",22,"이녹스 (+8.15%),아이컴포넌트 (+3.49%),아나패스 (+1.76%),코오롱인더 (+1.66%),PI첨단소재 (+1.26%),와이엠씨 (+0.61%),원익머트리얼즈 (+0.47%),풍원정밀 (+0.40%),엘비세미콘 (+0.38%),솔루스첨단소재 (+0.13%),솔브레인홀딩스 (0.00%),신화인터텍 (0.00%),이엔에프테크놀로지 (0.00%),아바텍 (0.00%),이녹스첨단소재 (-0.17%),램테크놀러지 (-0.31%),핌스 (-0.51%),덕산테코피아 (-0.60%),LX세미콘 (-1.02%),에스앤에스텍 (-1.25%),코리아써키트 (-1.37%),덕산네오룩스 (-2.26%)"
"2022-11-30 16:10:16","https://stockplus.com/m/investing_strategies/topics/236","반도체 - 전공정 장비","0.71%","-1.34%","10.31%","1.18%",25,"오로스테크놀로지 (+14.76%),HPSP (+3.75%),피에스케이홀딩스 (+2.48%),파크시스템스 (+1.83%),유니셈 (+1.02%),케이씨텍 (+0.92%),원익IPS (+0.89%),지앤비에스엔지니어링 (+0.87%),유진테크 (+0.79%),러셀 (+0.67%),씨앤지하이테크 (+0.41%),뉴파워프라즈마 (+0.41%),주성엔지니어링 (+0.40%),엘오티베큠 (+0.40%),디바이스이엔지 (0.00%),에스티아이 (-0.36%),GST (-0.44%),코미코 (-0.53%),와이아이케이 (-0.62%),에이피티씨 (-0.77%),넥스틴 (-1.26%),피에스케이 (-1.39%),테스 (-1.67%),제우스 (-2.38%),에프에스티 (-2.42%)"
"2022-11-30 16:10:18","https://stockplus.com/m/investing_strategies/topics/237","반도체 - 후공정 장비","-0.34%","-10.16%","6.46%","-0.25%",15,"고영 (+2.90%),케이엔제이 (+0.80%),인텍플러스 (+0.35%),디아이 (+0.31%),프로텍 (0.00%),엑시콘 (0.00%),GST (-0.44%),제이티 (-0.54%),레이저쎌 (-0.58%),와이아이케이 (-0.62%),테크윙 (-0.62%),이오테크닉스 (-1.13%),덕산하이메탈 (-1.47%),유니테스트 (-1.53%),두산테스나 (-2.56%)"
"2022-11-30 16:10:20","https://stockplus.com/m/investing_strategies/topics/238","전기차 - 배터리 소재·부품","1.40%","2.03%","6.12%","4.07%",43,"대성하이텍 (+29.99%),테라사이언스 (+5.57%),아모그린텍 (+4.70%),세방전지 (+4.31%),탑머티리얼 (+3.84%),삼기 (+3.81%),에코프로 (+3.47%),에코프로비엠 (+2.99%),KG케미칼 (+2.99%),조광페인트 (+2.84%),신성델타테크 (+2.00%),에이치와이티씨 (+1.72%),엘앤에프 (+1.43%),일진머티리얼즈 (+1.31%),나노신소재 (+1.27%),성우하이텍 (+1.18%),유에스티 (+1.00%),아이티엠반도체 (+0.98%),더블유씨피 (+0.95%),삼진엘앤디 (+0.32%),서진시스템 (+0.31%),한솔케미칼 (+0.24%),신흥에스이씨 (+0.19%),상아프론테크 (+0.17%),솔루스첨단소재 (+0.13%),천보 (+0.08%),솔브레인홀딩스 (0.00%),새로닉스 (0.00%),후성 (0.00%),동화기업 (-0.15%),상신이디피 (-0.25%),엔켐 (-0.31%),SK아이이테크놀로지 (-0.45%),엠케이전자 (-0.45%),테이팩스 (-0.66%),원준 (-0.74%),DI동일 (-0.93%),코스모화학 (-1.50%),지아이텍 (-1.57%),포스코케미칼 (-1.80%),이엔드디 (-2.40%),코스모신소재 (-2.92%),대한유화 (-3.29%)"
"2022-11-30 16:10:22","https://stockplus.com/m/investing_strategies/topics/239","건자재 - 가구","0.03%","-12.97%","9.21%","1.88%",10,"지누스 (+1.42%),오하임아이엔티 (+1.09%),한국가구 (+0.98%),한샘 (+0.86%),퍼시스 (+0.33%),에넥스 (-0.32%),현대리바트 (-0.49%),에이스침대 (-0.85%),코아스 (-1.36%),시디즈 (-1.37%)"
"2022-11-30 16:10:23","https://stockplus.com/m/investing_strategies/topics/243","바이오시밀러","-0.17%","-10.62%","-1.75%","2.06%",14,"서린바이오 (+2.86%),에이프로젠 (+1.49%),삼천당제약 (+0.90%),삼성물산 (+0.83%),셀트리온헬스케어 (+0.46%),삼성바이오로직스 (+0.23%),셀트리온제약 (+0.15%),동아에스티 (0.00%),팬젠 (0.00%),셀트리온 (-0.28%),바이넥스 (-0.45%),이수앱지스 (-0.65%),알테오젠 (-3.17%),녹십자 (-4.80%)"
"2022-11-30 16:10:25","https://stockplus.com/m/investing_strategies/topics/245","유전체검사","-0.44%","-8.19%","2.20%","-1.01%",31,"진시스템 (+2.15%),휴마시스 (+1.57%),지니너스 (+1.52%),디엔에이링크 (+0.92%),마크로젠 (+0.76%),진매트릭스 (+0.66%),한독 (+0.62%),신테카바이오 (+0.59%),파미셀 (+0.50%),바디텍메드 (+0.50%),테라젠이텍스 (+0.36%),프리시젼바이오 (+0.32%),씨티씨바이오 (+0.28%),랩지노믹스 (+0.16%),피에이치씨 (0.00%),피씨엘 (0.00%),에스디바이오센서 (-0.15%),엔젠바이오 (-0.23%),셀트리온 (-0.28%),파나진 (-0.42%),EDGC (-0.52%),셀레믹스 (-0.63%),젠큐릭스 (-0.69%),엑세스바이오 (-0.78%),수젠텍 (-1.47%),바이오다인 (-1.50%),소마젠 (-1.51%),바이오니아 (-1.77%),시너지이노베이션 (-2.42%),클리노믹스 (-3.33%),씨젠 (-8.43%)"
"2022-11-30 16:10:27","https://stockplus.com/m/investing_strategies/topics/251","CMO·원료의약품","-0.29%","-13.17%","0.58%","-0.86%",23,"SK바이오사이언스 (+2.60%),하이텍팜 (+1.35%),KPX생명과학 (+1.10%),알리코제약 (+0.98%),프레스티지바이오로직스 (+0.93%),경보제약 (+0.32%),에스텍파마 (+0.26%),삼성바이오로직스 (+0.23%),화일약품 (0.00%),종근당바이오 (0.00%),아미노로직스 (0.00%),팬젠 (0.00%),에스티팜 (-0.39%),국전약품 (-0.42%),한국파마 (-0.42%),바이넥스 (-0.45%),동아쏘시오홀딩스 (-0.49%),코오롱생명과학 (-0.93%),동국제약 (-0.94%),한국유니온제약 (-1.17%),유바이오로직스 (-1.33%),이연제약 (-1.50%),SK케미칼 (-6.33%)"
"2022-11-30 16:10:29","https://stockplus.com/m/investing_strategies/topics/256","편의점","1.47%","3.85%","7.43%","1.05%",4,"BGF리테일 (+3.27%),롯데지주 (+1.39%),GS리테일 (+1.02%),이마트 (+0.22%)"
"2022-11-30 16:10:30","https://stockplus.com/m/investing_strategies/topics/260","스마트카·자율주행","0.72%","-4.41%","5.17%","2.18%",31,"MDS테크 (+6.54%),켐트로닉스 (+4.41%),파인디지털 (+4.17%),THE MIDONG (+3.70%),캠시스 (+1.89%),한국단자 (+1.75%),유비벨록스 (+1.08%),팅크웨어 (+1.06%),에이테크솔루션 (+1.05%),엘엠에스 (+0.99%),유진로봇 (+0.58%),앤씨앤 (+0.58%),유니퀘스트 (+0.57%),모트렉스 (+0.56%),대성엘텍 (+0.44%),인포뱅크 (+0.43%),큐에스아이 (+0.40%),텔레칩스 (+0.39%),유니트론텍 (+0.11%),HL만도 (+0.10%),픽셀플러스 (0.00%),엔지스테크널러지 (0.00%),칩스앤미디어 (-0.32%),라닉스 (-0.35%),오비고 (-0.44%),현대오토에버 (-0.45%),모바일어플라이언스 (-0.45%),아이쓰리시스템 (-1.30%),코리아에프티 (-1.55%),삼화콘덴서 (-1.83%),삼보모터스 (-2.45%)"
"2022-11-30 16:10:32","https://stockplus.com/m/investing_strategies/topics/267","음식료 - 제과","0.72%","1.19%","7.20%","1.10%",8,"크라운해태홀딩스 (+2.71%),크라운제과 (+1.29%),오리온 (+1.29%),해태제과식품 (+0.95%),오리온홀딩스 (0.00%),농심 (0.00%),롯데제과 (0.00%),빙그레 (-0.50%)"
"2022-11-30 16:10:34","https://stockplus.com/m/investing_strategies/topics/268","농업 - 농기계","-0.92%","-7.72%","5.15%","5.91%",7,"대동금속 (+1.38%),대동기어 (+0.26%),삼성공조 (0.00%),대동 (-1.18%),아세아텍 (-1.25%),포메탈 (-1.42%),TYM (-4.25%)"
"2022-11-30 16:10:36","https://stockplus.com/m/investing_strategies/topics/269","생체인식","0.77%","-7.55%","6.37%","1.15%",22,"해성옵틱스 (+2.69%),유니온커뮤니티 (+2.45%),시큐브 (+1.75%),엠씨넥스 (+1.72%),파트론 (+1.39%),드림시큐리티 (+1.22%),파워로직스 (+0.96%),KH 전자 (+0.94%),슈프리마아이디 (+0.93%),슈프리마 (+0.81%),SGA솔루션즈 (+0.67%),유니퀘스트 (+0.57%),아이티센 (+0.53%),젬백스링크 (+0.48%),지나인제약 (0.00%),멜파스 (0.00%),크루셜텍 (0.00%),라온시큐어 (-0.43%),동운아나텍 (-0.46%),슈프리마에이치큐 (-0.51%),퍼스텍 (-0.52%),한국전자인증 (-0.58%)"
"2022-11-30 16:10:37","https://stockplus.com/m/investing_strategies/topics/271","택배와 종합물류","-0.28%","-9.34%","5.77%","0.07%",9,"현대글로비스 (+2.32%),LX인터내셔널 (+2.11%),한진 (+0.99%),한익스프레스 (+0.37%),KCTC (0.00%),한솔로지스틱스 (-0.33%),태웅로직스 (-1.33%),위니아에이드 (-2.20%),CJ대한통운 (-4.43%)"
"2022-11-30 16:10:39","https://stockplus.com/m/investing_strategies/topics/272","전기차 - 부품","1.10%","-5.51%","8.84%","2.00%",34,"유라테크 (+16.57%),성문전자 (+12.42%),성창오토텍 (+4.19%),LG전자 (+4.05%),우수AMS (+2.89%),현대모비스 (+2.16%),자화전자 (+1.88%),한국단자 (+1.75%),화승코퍼레이션 (+1.50%),뉴인텍 (+1.40%),LS (+1.35%),대우부품 (+0.93%),지엠비코리아 (+0.39%),파버나인 (+0.38%),제이앤티씨 (+0.36%),HL만도 (+0.10%),KEC (0.00%),우리산업 (0.00%),상신전자 (0.00%),영화테크 (0.00%),한온시스템 (-0.11%),디아이씨 (-0.24%),삼화전기 (-0.32%),아비코전자 (-0.43%),폴라리스세원 (-0.48%),현대위아 (-0.50%),SNT모티브 (-0.56%),에코캡 (-1.28%),엠에스오토텍 (-1.37%),명신산업 (-1.40%),삼화콘덴서 (-1.83%),우리산업홀딩스 (-2.07%),코다코 (-2.10%),로스웰 (-2.20%)"
"2022-11-30 16:10:41","https://stockplus.com/m/investing_strategies/topics/273","전기차 - 인프라","1.62%","2.73%","8.69%","2.73%",11,"에스트래픽 (+5.78%),LG전자 (+4.05%),휴맥스 (+3.13%),피에스텍 (+2.63%),한국전력 (+2.22%),LG헬로비전 (+2.20%),SK네트웍스 (+1.20%),현대차 (0.00%),알티캐스트 (0.00%),롯데정보통신 (-0.21%),에이프로 (-3.17%)"
"2022-11-30 16:10:43","https://stockplus.com/m/investing_strategies/topics/276","화장품 원재료 및 부자재","0.63%","-7.74%","8.99%","5.76%",8,"승일 (+3.14%),현대바이오랜드 (+2.79%),KCI (+1.31%),대봉엘에스 (+0.54%),선진뷰티사이언스 (+0.47%),엔에프씨 (-0.49%),펌텍코리아 (-0.60%),연우 (-2.12%)"
"2022-11-30 16:10:44","https://stockplus.com/m/investing_strategies/topics/279","음식료 - 수산식품","1.26%","-10.20%","4.31%","0.66%",7,"사조대림 (+4.09%),사조씨푸드 (+2.10%),동원F&B (+1.09%),신라에스지 (+0.85%),CJ씨푸드 (+0.55%),한성기업 (+0.36%),오뚜기 (-0.22%)"
"2022-11-30 16:10:46","https://stockplus.com/m/investing_strategies/topics/280","전기차 - 배터리 생산","2.45%","18.12%","0.59%","4.98%",3,"LG에너지솔루션 (+3.53%),SK이노베이션 (+2.29%),삼성SDI (+1.53%)"
"2022-11-30 16:10:48","https://stockplus.com/m/investing_strategies/topics/281","면세점","0.65%","0.85%","5.29%","2.91%",4,"호텔신라 (+0.83%),현대백화점 (+0.67%),JTC (+0.62%),신세계 (+0.48%)"
"2022-11-30 16:10:50","https://stockplus.com/m/investing_strategies/topics/283","유아용품","-0.51%","-8.76%","4.80%","-0.61%",10,"남양유업 (+1.53%),네오팜 (+1.09%),토박스코리아 (+0.44%),깨끗한나라 (+0.33%),아가방컴퍼니 (-0.72%),매일유업 (-1.20%),헝셩그룹 (-1.24%),예림당 (-1.59%),오가닉티코스메틱 (-1.69%),제로투세븐 (-2.06%)"
"2022-11-30 16:10:51","https://stockplus.com/m/investing_strategies/topics/286","원격의료","0.09%","-9.69%","2.54%","0.27%",15,"네오펙트 (+3.16%),이지케어텍 (+2.78%),인바디 (+1.64%),아이센스 (+0.92%),유비케어 (+0.51%),뷰웍스 (+0.48%),솔본 (+0.28%),인성정보 (+0.26%),비트컴퓨터 (+0.17%),라이프시맨틱스 (+0.11%),딥노이드 (0.00%),인피니트헬스케어 (-0.10%),소프트센 (-0.33%),제이엘케이 (-2.45%),케어랩스 (-6.14%)"
"2022-11-30 16:10:53","https://stockplus.com/m/investing_strategies/topics/287","스마트홈","1.09%","-7.46%","5.71%","0.65%",18,"포스코 ICT (+9.86%),누리플렉스 (+4.35%),제일전기공업 (+3.90%),와이솔 (+2.89%),자이에스앤디 (+1.29%),LG유플러스 (+1.26%),코콤 (+1.08%),KH 필룩스 (+0.95%),HDC랩스 (+0.90%),KT (+0.67%),SK텔레콤 (+0.40%),에스원 (0.00%),에스넷 (0.00%),현대에이치티 (-0.64%),어보브반도체 (-0.70%),삼진 (-0.86%),코맥스 (-2.26%),텔레필드 (-3.54%)"
"2022-11-30 16:10:55","https://stockplus.com/m/investing_strategies/topics/291","원자력","-0.61%","-12.39%","13.74%","0.88%",21,"오르비텍 (+2.14%),한전KPS (+1.32%),금화피에스시 (+1.23%),HRS (+0.93%),두산에너빌리티 (+0.90%),한신기계 (+0.71%),비츠로테크 (+0.59%),한전산업 (+0.21%),우진 (+0.11%),보성파워텍 (0.00%),에너토크 (0.00%),우리기술 (0.00%),한전기술 (0.00%),일진파워 (0.00%),서전기전 (0.00%),수산인더스트리 (-0.22%),비에이치아이 (-0.52%),모비스 (-0.85%),SNT에너지 (-2.86%),한국테크놀로지 (-3.60%),대창솔루션 (-12.98%)"
"2022-11-30 16:10:57","https://stockplus.com/m/investing_strategies/topics/297","반도체 - 전공정 소재","0.12%","-1.97%","6.78%","-0.68%",21,"영창케미칼 (+2.39%),원익QnC (+2.28%),제이아이테크 (+1.49%),월덱스 (+1.01%),메카로 (+0.86%),비씨엔씨 (+0.62%),원익홀딩스 (+0.57%),레이크머티리얼즈 (+0.51%),원익머트리얼즈 (+0.47%),한솔케미칼 (+0.24%),티씨케이 (+0.09%),솔브레인홀딩스 (0.00%),이엔에프테크놀로지 (0.00%),램테크놀러지 (-0.31%),디엔에프 (-0.34%),코미코 (-0.53%),에이피티씨 (-0.77%),하나머티리얼즈 (-1.13%),에스앤에스텍 (-1.25%),동진쎄미켐 (-1.35%),에프에스티 (-2.42%)"
"2022-11-30 16:10:58","https://stockplus.com/m/investing_strategies/topics/298","반도체 - 후공정 소재","0.23%","-7.23%","10.82%","0.40%",16,"미래산업 (+4.31%),마이크로컨텍솔 (+3.58%),티에프이 (+2.04%),하나마이크론 (+0.93%),아이텍 (+0.72%),샘씨엔에스 (+0.50%),리노공업 (+0.47%),ISC (0.00%),SFA반도체 (-0.22%),해성디에스 (-0.24%),엠케이전자 (-0.45%),마이크로프랜드 (-0.83%),티에스이 (-1.42%),한미반도체 (-1.47%),네패스 (-1.79%),오킨스전자 (-2.44%)"
"2022-11-30 16:11:00","https://stockplus.com/m/investing_strategies/topics/299","전기차 - 배터리 공정장비","-0.92%","3.49%","5.20%","2.92%",17,"대보마그네틱 (+1.41%),한화 (+0.69%),이노메트리 (+0.69%),자비스 (0.00%),티에스아이 (0.00%),하나기술 (-0.30%),필옵틱스 (-0.38%),피엔티 (-0.70%),디와이피엔에프 (-0.85%),나인테크 (-0.91%),코윈테크 (-0.92%),원익피앤이 (-0.98%),씨아이에스 (-1.19%),엠플러스 (-1.95%),아바코 (-2.50%),에이프로 (-3.17%),디에이테크놀로지 (-4.51%)"
"2022-11-30 16:11:02","https://stockplus.com/m/investing_strategies/topics/300","미디어 - 엔터","-0.92%","-1.81%","17.78%","4.61%",12,"에프엔씨엔터 (+2.38%),키이스트 (+0.12%),큐브엔터 (-0.48%),판타지오 (-0.60%),하이브 (-0.69%),스튜디오산타클로스 (-0.76%),JYP Ent. (-0.98%),에스엠 (-1.25%),YG PLUS (-1.28%),와이지엔터테인먼트 (-2.23%),디어유 (-2.33%),알비더블유 (-2.99%)"
"2022-11-30 16:11:04","https://stockplus.com/m/investing_strategies/topics/305","항공·우주","-0.61%","-8.02%","10.94%","3.99%",13,"오르비텍 (+2.14%),한양이엔지 (+1.99%),한국항공우주 (+1.68%),제노코 (+0.88%),비츠로테크 (+0.59%),한양디지텍 (-0.40%),퍼스텍 (-0.52%),한화에어로스페이스 (-1.09%),인텔리안테크 (-1.46%),하이즈항공 (-1.78%),쎄트렉아이 (-2.29%),AP위성 (-2.58%),아스트 (-5.08%)"
"2022-11-30 16:11:05","https://stockplus.com/m/investing_strategies/topics/308","IT보안(정보)","1.20%","-2.37%","8.16%","1.95%",30,"다우데이타 (+10.63%),에스에스알 (+4.39%),휴네시온 (+3.86%),지란지교시큐리티 (+2.24%),디지캡 (+2.24%),이니텍 (+2.03%),SGA (+2.01%),이글루 (+1.89%),시큐브 (+1.75%),드림시큐리티 (+1.22%),플랜티넷 (+0.93%),엑셈 (+0.80%),헥토이노베이션 (+0.75%),케이사인 (+0.69%),SGA솔루션즈 (+0.67%),오픈베이스 (+0.56%),가비아 (+0.47%),수산아이앤티 (+0.42%),한컴위드 (+0.38%),싸이버원 (+0.23%),이스트소프트 (+0.21%),지니언스 (+0.11%),파수 (+0.11%),에스넷 (0.00%),네오리진 (0.00%),윈스 (0.00%),아톤 (-0.20%),라온시큐어 (-0.43%),한국전자인증 (-0.58%),안랩 (-1.44%)"
"2022-11-30 16:11:07","https://stockplus.com/m/investing_strategies/topics/311","발전 - 풍력","-0.23%","-14.56%","8.42%","-1.56%",15,"효성 (+2.14%),동국S&C (+1.85%),DMS (+0.95%),두산에너빌리티 (+0.90%),대명에너지 (+0.78%),케이피에프 (+0.32%),세진중공업 (+0.17%),스페코 (+0.10%),우리기술 (0.00%),삼영엠텍 (-0.24%),씨에스윈드 (-0.39%),삼강엠앤티 (-0.43%),우림피티에스 (-2.12%),씨에스베어링 (-2.38%),유니슨 (-5.03%)"
"2022-11-30 16:11:09","https://stockplus.com/m/investing_strategies/topics/312","철도","0.14%","3.72%","9.58%","-1.23%",17,"에스트래픽 (+5.78%),유신 (+3.17%),현대로템 (+2.74%),알루코 (+2.12%),현대코퍼레이션 (+0.83%),대양전기공업 (+0.81%),리노스 (+0.42%),피앤씨테크 (0.00%),서암기계공업 (-0.14%),특수건설 (-0.22%),세명전기 (-0.30%),푸른기술 (-1.20%),대아티아이 (-1.29%),부산산업 (-1.36%),제룡전기 (-2.52%),에스피지 (-2.79%),다원시스 (-3.61%)"
"2022-11-30 16:11:11","https://stockplus.com/m/investing_strategies/topics/314","카지노","0.72%","1.69%","18.00%","5.62%",4,"강원랜드 (+1.83%),파라다이스 (+1.78%),롯데관광개발 (+0.42%),GKL (-1.17%)"
"2022-11-30 16:11:12","https://stockplus.com/m/investing_strategies/topics/316","골판지","0.22%","15.84%","17.70%","5.58%",8,"영풍제지 (+3.81%),대림제지 (+1.00%),신대양제지 (+0.71%),아세아제지 (+0.26%),삼보판지 (0.00%),한국수출포장 (-1.19%),대영포장 (-1.36%),태림포장 (-1.49%)"
"2022-11-30 16:11:14","https://stockplus.com/m/investing_strategies/topics/320","지능형 로봇·인공지능(AI)","0.38%","-10.68%","6.09%","0.78%",28,"알에프세미 (+9.85%),루닛 (+1.57%),핀텔 (+1.41%),바이브컴퍼니 (+1.30%),드림어스컴퍼니 (+0.87%),엑셈 (+0.80%),레인보우로보틱스 (+0.76%),유진로봇 (+0.58%),오픈베이스 (+0.56%),투비소프트 (+0.49%),미래컴퍼니 (+0.49%),로보로보 (+0.47%),솔본 (+0.28%),알체라 (+0.28%),셀바스AI (+0.18%),위세아이텍 (0.00%),마인즈랩 (0.00%),아진엑스텍 (-0.11%),휴림로봇 (-0.24%),싸이맥스 (-0.39%),GST (-0.44%),씨이랩 (-0.46%),한국전자인증 (-0.58%),뷰노 (-1.02%),로보티즈 (-1.33%),매커스 (-1.36%),코난테크놀로지 (-1.43%),솔트룩스 (-2.02%)"
"2022-11-30 16:11:16","https://stockplus.com/m/investing_strategies/topics/321","수술용 로봇","0.99%","-3.84%","5.60%","-0.33%",3,"고영 (+2.90%),미래컴퍼니 (+0.49%),큐렉소 (-0.42%)"
"2022-11-30 16:11:18","https://stockplus.com/m/investing_strategies/topics/323","홈쇼핑","-1.15%","-8.00%","4.62%","-1.79%",4,"현대홈쇼핑 (+0.91%),롯데쇼핑 (+0.48%),태광산업 (+0.27%),CJ ENM (-6.26%)"
"2022-11-30 16:11:19","https://stockplus.com/m/investing_strategies/topics/326","화장품 브랜드","-0.63%","-7.20%","11.36%","3.35%",23,"토니모리 (+3.07%),세화피앤씨 (+2.70%),한국화장품 (+1.91%),네오팜 (+1.09%),리더스코스메틱 (+0.50%),아모레퍼시픽 (+0.38%),LG생활건강 (+0.31%),신세계인터내셔날 (+0.21%),강스템바이오텍 (+0.17%),제이준코스메틱 (0.00%),라파스 (0.00%),HK이노엔 (-0.26%),브이티지엠피 (-0.54%),에이블씨엔씨 (-0.59%),클리오 (-0.71%),아이패밀리에스씨 (-1.20%),오가닉티코스메틱 (-1.69%),코리아나 (-1.94%),아우딘퓨쳐스 (-2.45%),잇츠한불 (-2.80%),제닉 (-3.85%),애경산업 (-4.07%),아모레G (-4.09%)"
"2022-11-30 16:11:21","https://stockplus.com/m/investing_strategies/topics/330","화장품 OEM·ODM","-1.56%","-0.53%","15.13%","3.96%",10,"토니모리 (+3.07%),코스메카코리아 (+2.24%),잉글우드랩 (+0.46%),본느 (+0.29%),아우딘퓨쳐스 (-2.45%),씨앤씨인터내셔널 (-2.51%),한국콜마 (-3.13%),제닉 (-3.85%),코스맥스 (-4.25%),한국화장품제조 (-5.49%)"
"2022-11-30 16:11:23","https://stockplus.com/m/investing_strategies/topics/334","LPG(액화석유가스)","0.42%","-0.04%","8.50%","3.36%",5,"SK가스 (+1.19%),모토닉 (+1.08%),SK디스커버리 (+0.94%),에쎈테크 (+0.11%),E1 (-1.20%)"
"2022-11-30 16:11:25","https://stockplus.com/m/investing_strategies/topics/340","건자재 - 시멘트·레미콘·콘크리트","1.45%","-5.80%","8.25%","2.11%",19,"성신양회 (+6.10%),아세아시멘트 (+4.77%),아세아 (+3.91%),태원물산 (+2.16%),동양파일 (+2.11%),서산 (+1.87%),한일현대시멘트 (+1.73%),모헨즈 (+1.60%),고려시멘트 (+1.40%),보광산업 (+1.06%),삼표시멘트 (+1.03%),동양 (+0.95%),유진기업 (+0.95%),삼일씨엔에스 (+0.78%),한일홀딩스 (+0.43%),쌍용C&E (-0.50%),유니온 (-0.58%),SG (-0.78%),부산산업 (-1.36%)"
"2022-11-30 16:11:27","https://stockplus.com/m/investing_strategies/topics/341","건자재 - 철근","4.26%","5.18%","16.47%","3.88%",3,"KISCO홀딩스 (+8.78%),한국철강 (+2.44%),대한제강 (+1.57%)"
"2022-11-30 16:11:28","https://stockplus.com/m/investing_strategies/topics/343","건자재 - 거푸집","-1.67%","5.66%","19.78%","2.40%",7,"삼목에스폼 (+3.72%),금강공업 (+2.27%),제일테크노스 (-2.05%),다스코 (-3.00%),덕신하우징 (-3.13%),윈하이텍 (-4.75%),에스와이 (-4.75%)"
"2022-11-30 16:11:30","https://stockplus.com/m/investing_strategies/topics/344","해운","1.25%","-1.64%","10.54%","0.81%",6,"현대글로비스 (+2.32%),HMM (+2.06%),대한해운 (+1.17%),티케이케미칼 (+0.91%),팬오션 (+0.75%),KSS해운 (+0.31%)"
"2022-11-30 16:11:32","https://stockplus.com/m/investing_strategies/topics/347","국내 상장한 중국주","-4.14%","-2.33%","4.02%","-2.60%",9,"씨케이에이치 (+2.74%),컬러레이 (0.00%),글로벌에스엠 (-0.25%),헝셩그룹 (-1.24%),오가닉티코스메틱 (-1.69%),로스웰 (-2.20%),크리스탈신소재 (-2.31%),윙입푸드 (-2.35%),골든센츄리 (-30.00%)"
"2022-11-30 16:11:34","https://stockplus.com/m/investing_strategies/topics/349","배합사료·첨가제","0.91%","-14.05%","4.13%","-0.22%",10,"이지바이오 (+2.49%),우성 (+1.71%),미래생명자원 (+1.51%),케이씨피드 (+1.42%),팜스코 (+1.27%),고려산업 (+0.83%),한일사료 (+0.18%),대주산업 (0.00%),팜스토리 (0.00%),카나리아바이오 (-0.33%)"
"2022-11-30 16:11:36","https://stockplus.com/m/investing_strategies/topics/352","양돈주","-0.15%","-14.38%","4.29%","1.01%",5,"팜스코 (+1.27%),선진 (+0.59%),팜스토리 (0.00%),우리손에프앤지 (-0.28%),윙입푸드 (-2.35%)"
"2022-11-30 16:11:37","https://stockplus.com/m/investing_strategies/topics/366","컨택센터(콜센터)","0.58%","-7.12%","4.34%","1.87%",6,"KTis (+1.75%),KTcs (+0.87%),이씨에스 (+0.83%),효성ITX (+0.71%),한솔인티큐브 (0.00%),브리지텍 (-0.70%)"
"2022-11-30 16:11:39","https://stockplus.com/m/investing_strategies/topics/367","결제서비스","-0.07%","-3.78%","4.85%","-0.68%",19,"위지트 (+2.64%),NHN한국사이버결제 (+1.09%),NHN (+1.02%),KG모빌리언스 (+1.02%),다날 (+0.88%),나이스정보통신 (+0.74%),인포뱅크 (+0.43%),SBI핀테크솔루션즈 (+0.25%),인포바인 (+0.21%),카페24 (0.00%),코리아센터 (0.00%),에이텍티앤 (-0.44%),한국전자인증 (-0.58%),KG이니시스 (-0.78%),코나아이 (-0.86%),한국정보통신 (-1.07%),헥토파이낸셜 (-1.43%),갤럭시아머니트리 (-1.93%),카카오페이 (-2.40%)"
"2022-11-30 16:11:41","https://stockplus.com/m/investing_strategies/topics/375","교육","0.99%","-7.58%","2.75%","1.77%",18,"삼성출판사 (+2.78%),메가스터디교육 (+2.64%),웅진씽크빅 (+2.49%),비상교육 (+2.07%),디지털대성 (+1.79%),이퓨쳐 (+1.56%),아이비김영 (+1.01%),아이스크림에듀 (+0.92%),메가엠디 (+0.91%),YBM넷 (+0.80%),메가스터디 (+0.43%),NE능률 (+0.35%),정상제이엘에스 (+0.27%),윌비스 (0.00%),멀티캠퍼스 (0.00%),크레버스 (0.00%),유비온 (0.00%),대교 (-0.18%)"
"2022-11-30 16:11:43","https://stockplus.com/m/investing_strategies/topics/379","전선","2.09%","-1.50%","9.11%","7.06%",5,"가온전선 (+6.40%),LS전선아시아 (+1.75%),일진전기 (+1.42%),대원전선 (+1.19%),대한전선 (-0.29%)"
"2022-11-30 16:11:45","https://stockplus.com/m/investing_strategies/topics/385","타이어","0.41%","0.47%","4.37%","0.75%",9,"한국앤컴퍼니 (+2.14%),코오롱인더 (+1.66%),동아타이어 (+0.83%),넥센타이어 (+0.72%),금호타이어 (0.00%),한국타이어앤테크놀로지 (-0.15%),넥센 (-0.24%),효성첨단소재 (-0.63%),금호석유 (-0.66%)"
"2022-11-30 16:11:46","https://stockplus.com/m/investing_strategies/topics/394","자전거","2.48%","2.08%","8.97%","5.15%",5,"이녹스 (+8.15%),삼천리자전거 (+6.34%),영원무역 (+0.53%),엔에스엔 (0.00%),알톤스포츠 (-2.63%)"
"2022-11-30 16:11:48","https://stockplus.com/m/investing_strategies/topics/397","디지털 키오스크","0.49%","-7.61%","6.30%","1.17%",11,"파인디지털 (+4.17%),케이씨에스 (+1.83%),한국전자금융 (+1.26%),로지시스 (+0.92%),SGA솔루션즈 (+0.67%),에스원 (0.00%),케이씨티 (0.00%),윈스 (0.00%),한네트 (-0.17%),에이텍티앤 (-0.44%),씨아이테크 (-2.88%)"
"2022-11-30 16:11:50","https://stockplus.com/m/investing_strategies/topics/400","유가 상승 수혜 - 윤활유","1.04%","-1.52%","-0.47%","1.39%",4,"흥구석유 (+3.90%),한국쉘석유 (+0.40%),극동유화 (0.00%),미창석유 (-0.14%)"
"2022-11-30 16:11:52","https://stockplus.com/m/investing_strategies/topics/402","화학 - 정유","1.67%","0.24%","0.65%","1.82%",4,"GS (+4.40%),SK이노베이션 (+2.29%),S-Oil (+0.46%),HD현대 (-0.46%)"
"2022-11-30 16:11:53","https://stockplus.com/m/investing_strategies/topics/407","인쇄회로기판(PCB)","0.51%","-5.92%","11.16%","1.10%",17,"삼성전기 (+4.83%),엔피디 (+2.64%),뉴프렉스 (+2.45%),영풍 (+1.59%),와이엠티 (+1.45%),디에이피 (+1.19%),이수페타시스 (+1.12%),씨유테크 (+0.68%),심텍 (-0.15%),비에이치 (-0.19%),시노펙스 (-0.34%),티엘비 (-0.44%),인터플렉스 (-0.45%),대덕전자 (-0.64%),디케이티 (-1.12%),코리아써키트 (-1.37%),바이옵트로 (-2.52%)"
"2022-11-30 16:11:55","https://stockplus.com/m/investing_strategies/topics/410","개성공단","1.99%","8.71%","24.96%","2.02%",10,"인디에프 (+5.59%),태평양물산 (+4.96%),제이에스티나 (+3.00%),자화전자 (+1.88%),인지컨트롤스 (+1.76%),코데즈컴바인 (+1.39%),신원 (+1.23%),태광산업 (+0.27%),쿠쿠홀딩스 (0.00%),재영솔루텍 (-0.17%)"
"2022-11-30 16:11:57","https://stockplus.com/m/investing_strategies/topics/413","건자재 - 기타","0.65%","-3.83%","9.85%","2.77%",14,"대림통상 (+4.41%),유니드 (+3.58%),성창기업지주 (+1.24%),LX하우시스 (+1.13%),와토스코리아 (+0.50%),남선알미늄 (+0.39%),대림B&Co (+0.23%),이건산업 (+0.13%),KCC (0.00%),한솔홈데코 (0.00%),진양화학 (-0.13%),동화기업 (-0.15%),SUN&L (-0.43%),국영지앤엠 (-1.76%)"
"2022-11-30 16:11:59","https://stockplus.com/m/investing_strategies/topics/426","폐기물처리 ","1.56%","-12.67%","13.21%","1.20%",10,"KG ETS (+6.64%),티와이홀딩스 (+4.70%),에스에이티 (+3.51%),인선이엔티 (+2.62%),제넨바이오 (+1.45%),서희건설 (+0.79%),코엔텍 (+0.38%),와이엔텍 (-0.98%),KC코트렐 (-1.73%),KC그린홀딩스 (-1.82%)"
"2022-11-30 16:12:00","https://stockplus.com/m/investing_strategies/topics/428","치매 치료","-0.25%","-11.70%","0.93%","-0.03%",32,"명문제약 (+5.06%),네오펙트 (+3.16%),삼진제약 (+2.76%),현대약품 (+1.79%),유한양행 (+1.74%),신신제약 (+0.98%),고려제약 (+0.94%),진양제약 (+0.90%),바이오스마트 (+0.58%),퓨쳐켐 (+0.49%),메디포스트 (+0.35%),일진홀딩스 (+0.34%),씨티씨바이오 (+0.28%),퀀타매트릭스 (+0.20%),환인제약 (0.00%),대웅제약 (0.00%),동아에스티 (0.00%),엔젠바이오 (-0.23%),국전약품 (-0.42%),한국파마 (-0.42%),네이처셀 (-0.54%),HLB제약 (-0.82%),종근당 (-0.83%),샤페론 (-0.98%),젬백스 (-1.16%),수젠텍 (-1.47%),마이크로디지탈 (-1.92%),아이큐어 (-2.50%),메디프론 (-2.54%),피플바이오 (-2.59%),엔케이맥스 (-4.73%),SK케미칼 (-6.33%)"
"2022-11-30 16:12:02","https://stockplus.com/m/investing_strategies/topics/433","손해보험","1.28%","2.97%","10.08%","3.97%",8,"메리츠화재 (+5.26%),현대해상 (+1.51%),한화손해보험 (+1.44%),DB손해보험 (+1.31%),코리안리 (+0.84%),삼성화재 (+0.49%),롯데손해보험 (+0.33%),흥국화재 (-0.94%)"
"2022-11-30 16:12:04","https://stockplus.com/m/investing_strategies/topics/436","피팅·밸브","-0.36%","-10.44%","7.55%","-2.04%",10,"조광ILI (+0.39%),태광 (+0.28%),화성밸브 (+0.18%),에쎈테크 (+0.11%),하이록코리아 (0.00%),케이에스피 (0.00%),성광벤드 (-0.33%),디케이락 (-0.37%),비엠티 (-1.59%),한국선재 (-2.30%)"
"2022-11-30 16:12:06","https://stockplus.com/m/investing_strategies/topics/441","자동차 대표주","0.97%","-13.96%","3.05%","2.65%",2,"기아 (+1.93%),현대차 (0.00%)"
"2022-11-30 16:12:07","https://stockplus.com/m/investing_strategies/topics/446","건설기계","-0.76%","22.44%","19.67%","2.28%",16,"진성티이씨 (+7.51%),테라사이언스 (+5.57%),프리엠스 (+2.01%),흥국 (+0.63%),혜인 (+0.56%),대창단조 (+0.33%),서연탑메탈 (-0.31%),현대에버다임 (-0.55%),동일금속 (-1.03%),현대두산인프라코어 (-1.07%),수산중공업 (-1.67%),우림피티에스 (-2.12%),디와이파워 (-2.17%),현대건설기계 (-2.76%),대모 (-3.02%),두산밥캣 (-14.03%)"
"2022-11-30 16:12:09","https://stockplus.com/m/investing_strategies/topics/447","중소형 건설사","1.48%","-8.37%","12.01%","2.55%",35,"동부건설 (+8.99%),남화토건 (+8.57%),금호건설 (+7.54%),일성건설 (+6.92%),한신공영 (+4.62%),유신 (+3.17%),계룡건설 (+3.16%),신원종합개발 (+2.71%),HL D&I (+2.21%),화성산업 (+1.98%),SGC이테크건설 (+1.97%),남광토건 (+1.94%),진흥기업 (+1.52%),자이에스앤디 (+1.29%),삼호개발 (+1.24%),HDC랩스 (+0.90%),신세계건설 (+0.84%),삼일기업공사 (+0.82%),대원 (+0.82%),서희건설 (+0.79%),서한 (+0.46%),동원개발 (+0.28%),이화공영 (+0.22%),상지카일룸 (+0.16%),KCC건설 (0.00%),동아지질 (0.00%),우원개발 (-0.13%),아이에스동서 (-0.15%),특수건설 (-0.22%),동신건설 (-0.32%),삼부토건 (-0.32%),범양건영 (-0.53%),까뮤이앤씨 (-1.23%),HJ중공업 (-2.85%),효성중공업 (-5.68%)"
"2022-11-30 16:12:11","https://stockplus.com/m/investing_strategies/topics/458","비철금속 - 구리","0.57%","1.87%","6.64%","0.01%",9,"LS전선아시아 (+1.75%),서원 (+1.42%),LS (+1.35%),대창 (+0.77%),풍산홀딩스 (+0.54%),KBI메탈 (+0.36%),풍산 (+0.33%),이구산업 (-0.48%),LS ELECTRIC (-0.86%)"
"2022-11-30 16:12:13","https://stockplus.com/m/investing_strategies/topics/460","비철금속 - 알루미늄","1.36%","15.87%","15.28%","6.98%",6,"조일알미늄 (+3.70%),알루코 (+2.12%),포스코엠텍 (+1.49%),삼아알미늄 (+1.40%),남선알미늄 (+0.39%),DI동일 (-0.93%)"
"2022-11-30 16:12:14","https://stockplus.com/m/investing_strategies/topics/462","벤처캐피탈(VC)","0.26%","-6.95%","6.13%","1.52%",19,"DSC인베스트먼트 (+3.70%),다올인베스트먼트 (+3.04%),스톤브릿지벤처스 (+1.81%),스틱인베스트먼트 (+1.19%),플랜티넷 (+0.93%),나우IB (+0.74%),대성창투 (+0.68%),TS인베스트먼트 (+0.57%),에이티넘인베스트 (+0.51%),엠벤처투자 (+0.43%),SV인베스트먼트 (+0.42%),미래에셋벤처투자 (0.00%),큐캐피탈 (-0.23%),우리기술투자 (-0.45%),아주IB투자 (-0.56%),SBI인베스트먼트 (-0.81%),리더스 기술투자 (-0.84%),린드먼아시아 (-2.76%),컴퍼니케이 (-3.51%)"
"2022-11-30 16:12:16","https://stockplus.com/m/investing_strategies/topics/476","미디어 - 드라마·영화 제작","-1.34%","4.93%","25.75%","5.68%",22,"NEW (+2.79%),초록뱀미디어 (+1.27%),SBS콘텐츠허브 (+0.52%),팬엔터테인먼트 (+0.36%),래몽래인 (+0.31%),SBS (+0.29%),코퍼스코리아 (+0.17%),스튜디오산타클로스 (-0.76%),바른손이앤에이 (-0.97%),덱스터 (-1.11%),SM Life Design (-1.13%),IHQ (-1.52%),스튜디오드래곤 (-1.63%),SM C&C (-1.72%),쇼박스 (-1.89%),바른손 (-1.96%),삼화네트웍스 (-2.29%),콘텐트리중앙 (-2.33%),애니플러스 (-2.86%),에이스토리 (-3.64%),위지윅스튜디오 (-5.13%),CJ ENM (-6.26%)"
"2022-11-30 16:12:18","https://stockplus.com/m/investing_strategies/topics/487","반도체·디스플레이 - 클린룸","0.96%","-1.64%","12.72%","1.62%",10,"원방테크 (+5.08%),엑사이엔씨 (+3.09%),한양이엔지 (+1.99%),케이씨 (+1.97%),케이엠 (+0.81%),세보엠이씨 (+0.40%),성도이엔지 (0.00%),시스웍 (0.00%),위드텍 (0.00%),에스와이 (-4.75%)"
"2022-11-30 16:12:19","https://stockplus.com/m/investing_strategies/topics/507","증권사","1.52%","-2.01%","12.73%","2.51%",23,"DB금융투자 (+4.94%),메리츠증권 (+3.55%),메리츠금융지주 (+3.14%),현대차증권 (+2.53%),대신증권 (+2.44%),다올투자증권 (+2.19%),한양증권 (+2.09%),이베스트투자증권 (+2.04%),유진투자증권 (+1.84%),교보증권 (+1.56%),한화투자증권 (+1.54%),유안타증권 (+1.50%),NH투자증권 (+1.48%),SK증권 (+1.32%),부국증권 (+1.04%),한국금융지주 (+0.87%),유화증권 (+0.64%),신영증권 (+0.35%),미래에셋증권 (+0.30%),삼성증권 (+0.14%),상상인증권 (0.00%),키움증권 (-0.11%),코리아에셋투자증권 (-0.39%)"
"2022-11-30 16:12:21","https://stockplus.com/m/investing_strategies/topics/509","달러 가치 상승에 투자 (ETF·ETN)","-0.88%","-3.15%","-9.14%","-3.22%",3,"KODEX 미국달러선물 (-0.59%),KOSEF 미국달러선물 (-0.64%),KOSEF 미국달러선물레버리지 (-1.42%)"
"2022-11-30 16:12:23","https://stockplus.com/m/investing_strategies/topics/510","금·은 투자 (ETF·ETN)","-0.13%","2.53%","1.49%","0.12%",17,"신한 인버스 은 선물 ETN(H) (+0.60%),삼성 인버스 2X 금 선물 ETN(H) (+0.05%),신한 금 선물 ETN(H) (+0.04%),KODEX 골드선물(H) (0.00%),신한 레버리지 은 선물 ETN(H) (0.00%),삼성 레버리지 은 선물 ETN(H) (0.00%),삼성 인버스 2X 은 선물 ETN(H) (0.00%),TIGER 골드선물(H) (0.00%),삼성 레버리지 금 선물 ETN(H) (-0.02%),ACE 골드선물 레버리지(합성 H) (-0.07%),KODEX 은선물(H) (-0.12%),신한 은 선물 ETN(H) (-0.22%),TIGER 금은선물(H) (-0.28%),신한 인버스 2X 은 선물 ETN(H) (-0.44%),신한 인버스 금 선물 ETN(H) (-0.59%),신한 레버리지 금 선물 ETN (-0.60%),신한 인버스 2X 금 선물 ETN (-0.66%)"
"2022-11-30 16:12:25","https://stockplus.com/m/investing_strategies/topics/515","생명보험","1.97%","6.38%","9.10%","5.49%",4,"삼성생명 (+3.82%),한화생명 (+3.71%),동양생명 (+0.36%),미래에셋생명 (0.00%)"
"2022-11-30 16:12:26","https://stockplus.com/m/investing_strategies/topics/516","종합반도체","1.14%","-0.21%","2.87%","-0.93%",3,"삼성전자 (+2.64%),SK하이닉스 (+1.55%),DB하이텍 (-0.78%)"
"2022-11-30 16:12:28","https://stockplus.com/m/investing_strategies/topics/532","지진","0.34%","32.35%","22.16%","-1.62%",6,"KH 건설 (+2.67%),대창스틸 (+2.11%),동아지질 (0.00%),KT서브마린 (0.00%),삼영엠텍 (-0.24%),하이드로리튬 (-2.49%)"
"2022-11-30 16:12:30","https://stockplus.com/m/investing_strategies/topics/536","유가 상승에 투자 (ETF·ETN)","0.06%","-11.91%","-15.27%","-4.13%",8,"신한 레버리지 WTI원유 선물 ETN(H) (+1.43%),신한 WTI원유 선물 ETN(H) (+0.52%),KODEX WTI원유선물(H) (+0.45%),TIGER 원유선물Enhanced(H) (+0.34%),미래에셋 레버리지 원유선물혼합 ETN(H) (+0.06%),삼성 레버리지 WTI원유 선물 ETN (-0.34%),미래에셋 원유선물혼합 ETN(H) (-0.88%),신한 브렌트원유 선물 ETN(H) (-1.14%)"
"2022-11-30 16:12:32","https://stockplus.com/m/investing_strategies/topics/537","곡물가격 상승에 투자 (ETF·ETN)","-0.02%","-0.05%","-3.33%","1.09%",5,"KODEX 3대농산물선물(H) (+0.08%),KODEX 콩선물(H) (+0.04%),신한 옥수수 선물 ETN(H) (0.00%),신한 콩 선물 ETN(H) (0.00%),TIGER 농산물선물Enhanced(H) (-0.20%)"
"2022-11-30 16:12:33","https://stockplus.com/m/investing_strategies/topics/538","코스피 하락에 투자 (ETF)","-2.14%","-4.41%","-8.00%","-2.58%",10,"KODEX 인버스 (-1.34%),KBSTAR 200선물인버스 (-1.44%),TIGER 인버스 (-1.48%),ACE 인버스 (-1.50%),KOSEF 200선물인버스 (-1.51%),TIGER 200선물인버스2X (-2.67%),KODEX 200선물인버스2X (-2.81%),KOSEF 200선물인버스2X (-2.81%),ARIRANG 200선물인버스2X (-2.86%),KBSTAR 200선물인버스2X (-2.98%)"
"2022-11-30 16:12:35","https://stockplus.com/m/investing_strategies/topics/539","강관","0.01%","-3.38%","12.19%","-1.90%",8,"금강공업 (+2.27%),대동스틸 (+0.88%),동양철관 (+0.47%),한국주철관 (0.00%),세아제강지주 (-0.29%),하이스틸 (-0.79%),세아제강 (-0.99%),휴스틸 (-1.45%)"
"2022-11-30 16:12:37","https://stockplus.com/m/investing_strategies/topics/540","조선 대표주","1.07%","-11.98%","4.97%","0.50%",6,"현대중공업 (+3.95%),현대미포조선 (+2.25%),한국조선해양 (+2.09%),삼성중공업 (+0.97%),대우조선해양 (0.00%),HJ중공업 (-2.85%)"
"2022-11-30 16:12:39","https://stockplus.com/m/investing_strategies/topics/541","코스피 상승에 투자 (ETF)","1.86%","2.11%","6.90%","2.39%",25,"HANARO 200선물레버리지 (+2.99%),KODEX 레버리지 (+2.96%),ACE 레버리지 (+2.89%),TIGER 레버리지 (+2.82%),KBSTAR 200 (+2.61%),파워 200 (+2.18%),KBSTAR 코스피 (+2.07%),TREX 200 (+2.01%),KOSEF 200 (+2.00%),ACE 200 (+1.95%),ARIRANG 200 (+1.93%),KODEX 200TR (+1.89%),KOSEF 200TR (+1.87%),KODEX 코스피 (+1.82%),ARIRANG 코스피 (+1.70%),ACE 코스피 (+1.63%),TIGER 코스피 (+1.60%),SOL 200TR (+1.54%),KODEX 200 (+1.50%),TIGER 200 (+1.44%),HANARO 200 (+1.44%),TIGER 200TR (+1.39%),TIGER 200동일가중 (+0.94%),KODEX 200동일가중 (+0.73%),ARIRANG 200동일가중 (+0.69%)"
"2022-11-30 16:12:41","https://stockplus.com/m/investing_strategies/topics/542","코스닥 상승에 투자 (ETF)","-0.04%","-10.83%","4.63%","-0.15%",12,"ACE 코스닥(합성) (+0.58%),HANARO 코스닥150 (+0.34%),ARIRANG 코스닥150 (+0.05%),KODEX 코스닥150레버리지 (0.00%),KOSEF 코스닥150선물레버리지 (0.00%),KOSEF 코스닥150 (0.00%),KBSTAR 코스닥150 (-0.05%),KODEX 코스닥150 (-0.15%),KBSTAR 코스닥150선물레버리지 (-0.19%),HANARO 코스닥150선물레버리지 (-0.30%),TIGER 코스닥150 (-0.38%),TIGER 코스닥150 레버리지 (-0.38%)"
"2022-11-30 16:12:42","https://stockplus.com/m/investing_strategies/topics/543","항공사","-0.19%","-12.75%","11.52%","1.80%",8,"제주항공 (+3.30%),대한항공 (+0.99%),진에어 (+0.74%),티웨이항공 (0.00%),티웨이홀딩스 (-0.37%),에어부산 (-1.15%),예림당 (-1.59%),아시아나항공 (-3.45%)"
"2022-11-30 16:12:44","https://stockplus.com/m/investing_strategies/topics/544","유가 하락에 투자 (ETF·ETN)","-0.57%","7.24%","12.32%","4.02%",7,"신한 인버스 브렌트원유 선물 ETN(H) (+0.81%),QV 인버스 레버리지 WTI원유 선물 ETN(H) (0.00%),미래에셋 인버스 원유선물혼합 ETN(H) (-0.12%),KODEX WTI원유선물인버스(H) (-0.31%),TIGER 원유선물인버스(H) (-0.44%),신한 인버스 WTI원유 선물 ETN(H) (-0.50%),삼성 인버스 2X WTI원유 선물 ETN (-3.45%)"
"2022-11-30 16:12:46","https://stockplus.com/m/investing_strategies/topics/545","LNG 발전·유통","4.60%","6.08%","11.44%","6.07%",8,"경동도시가스 (+16.88%),지에스이 (+5.16%),대성에너지 (+4.57%),한국가스공사 (+2.65%),대성산업 (+2.59%),삼천리 (+2.15%),지역난방공사 (+1.45%),서울가스 (+1.36%)"
"2022-11-30 16:12:47","https://stockplus.com/m/investing_strategies/topics/546","디지털자산·블록체인","0.17%","-18.68%","6.20%","-0.19%",18,"DSC인베스트먼트 (+3.70%),위지트 (+2.64%),코오롱 (+1.65%),한화투자증권 (+1.54%),KG모빌리언스 (+1.02%),다날 (+0.88%),TS인베스트먼트 (+0.57%),에이티넘인베스트 (+0.51%),한컴위드 (+0.38%),인바이오젠 (+0.20%),티사이언티픽 (-0.19%),버킷스튜디오 (-0.38%),우리기술투자 (-0.45%),엠게임 (-0.67%),FSN (-0.71%),SBI인베스트먼트 (-0.81%),갤럭시아머니트리 (-1.93%),비덴트 (-4.87%)"
"2022-11-30 16:12:49","https://stockplus.com/m/investing_strategies/topics/551","5G·6G","0.46%","-5.02%","10.97%","1.60%",32,"기산텔레콤 (+7.87%),피피아이 (+4.36%),대한광통신 (+4.17%),와이어블 (+2.81%),우리넷 (+1.79%),코위버 (+1.69%),에이치시티 (+1.59%),이노인스트루먼트 (+1.48%),LG유플러스 (+1.26%),케이엠더블유 (+1.11%),유비쿼스 (+0.70%),KT (+0.67%),오이솔루션 (+0.61%),삼지전자 (+0.46%),SK텔레콤 (+0.40%),서진시스템 (+0.31%),RFHIC (+0.22%),유엔젤 (0.00%),텔코웨어 (0.00%),RF머트리얼즈 (0.00%),쏠리드 (-0.18%),엔텔스 (-0.36%),에치에프알 (-0.46%),이노와이어리스 (-0.82%),와이팜 (-0.82%),아이크래프트 (-0.90%),머큐리 (-0.94%),다산네트웍스 (-1.01%),이루온 (-1.55%),에이스테크 (-2.80%),기가레인 (-3.31%),텔레필드 (-3.54%)"
"2022-11-30 16:12:51","https://stockplus.com/m/investing_strategies/topics/552","게임","0.04%","-11.61%","0.45%","-3.95%",40,"와이제이엠게임즈 (+3.97%),크래프톤 (+3.65%),엔씨소프트 (+3.52%),NAVER (+2.47%),카카오게임즈 (+2.23%),웹젠 (+2.16%),에이프로젠 H&G (+2.12%),NHN (+1.02%),플레이위드 (+0.95%),KH 전자 (+0.94%),넥슨게임즈 (+0.72%),네오위즈 (+0.62%),드래곤플라이 (+0.46%),네오위즈홀딩스 (+0.45%),이스트소프트 (+0.21%),한빛소프트 (0.00%),네오리진 (0.00%),위메이드 (0.00%),액션스퀘어 (0.00%),넵튠 (0.00%),베스파 (0.00%),미투젠 (0.00%),썸에이지 (-0.14%),미투온 (-0.22%),룽투코리아 (-0.30%),넷마블 (-0.51%),엠게임 (-0.67%),펄어비스 (-0.68%),베노홀딩스 (-0.90%),조이시티 (-0.91%),바른손이앤에이 (-0.97%),모비릭스 (-1.19%),컴투스홀딩스 (-1.37%),더블유게임즈 (-1.42%),컴투스 (-1.58%),위메이드맥스 (-1.63%),티쓰리 (-1.88%),위메이드플레이 (-2.62%),액토즈소프트 (-3.14%),데브시스터즈 (-3.77%)"
"2022-11-30 16:12:53","https://stockplus.com/m/investing_strategies/topics/554","비철금속-니켈","0.97%","14.12%","16.98%","-0.62%",7,"STX (+6.94%),대양금속 (+1.17%),황금에스티 (+1.17%),현대비앤지스틸 (+0.43%),티플랙스 (+0.23%),셀피글로벌 (-0.88%),한국선재 (-2.30%)"
"2022-11-30 16:12:54","https://stockplus.com/m/investing_strategies/topics/555","마리화나","-0.43%","-32.08%","-4.28%","-2.03%",9,"애머릿지 (+3.34%),오성첨단소재 (+1.90%),우리바이오 (+1.39%),에스엘바이오닉스 (+1.00%),화일약품 (0.00%),엔에프씨 (-0.49%),EDGC (-0.52%),한국비엔씨 (-3.27%),세토피아 (-7.20%)"
"2022-11-30 16:12:56","https://stockplus.com/m/investing_strategies/topics/556","폴더블폰 - 소재·부품","2.47%","-12.34%","10.70%","4.18%",20,"대성하이텍 (+29.99%),루멘스 (+7.51%),켐트로닉스 (+4.41%),파인테크닉스 (+2.97%),파인텍 (+2.42%),SKC (+2.28%),에스텍 (+2.22%),코오롱인더 (+1.66%),PI첨단소재 (+1.26%),원익큐브 (+0.41%),뉴파워프라즈마 (+0.41%),유티아이 (+0.40%),세경하이테크 (0.00%),이녹스첨단소재 (-0.17%),비에이치 (-0.19%),인터플렉스 (-0.45%),테이팩스 (-0.66%),디케이티 (-1.12%),상보 (-1.39%),KH바텍 (-2.61%)"
"2022-11-30 16:12:58","https://stockplus.com/m/investing_strategies/topics/557","MLCC","1.37%","-6.74%","8.43%","6.45%",7,"알에프세미 (+9.85%),삼성전기 (+4.83%),대주전자재료 (+0.90%),아모텍 (0.00%),네온테크 (-1.21%),삼화콘덴서 (-1.83%),코스모신소재 (-2.92%)"
"2022-11-30 16:13:00","https://stockplus.com/m/investing_strategies/topics/558","골프","0.72%","-14.55%","5.93%","1.99%",11,"남화산업 (+2.14%),골프존 (+1.94%),브이씨 (+1.52%),라온피플 (+1.45%),아난티 (+0.95%),크리스에프앤씨 (+0.72%),베뉴지 (0.00%),용평리조트 (-0.14%),까스텔바작 (-0.15%),KX (-0.15%),골프존뉴딘홀딩스 (-0.38%)"
"2022-11-30 16:13:01","https://stockplus.com/m/investing_strategies/topics/559","바이오 - 이중항체","1.23%","-6.55%","4.46%","-1.20%",6,"에이비엘바이오 (+4.31%),에이프릴바이오 (+2.28%),한미약품 (+1.95%),파멥신 (+1.58%),종근당 (-0.83%),앱클론 (-1.88%)"
"2022-11-30 16:13:03","https://stockplus.com/m/investing_strategies/topics/560","면역세포치료제","0.12%","-15.81%","-1.35%","-2.04%",17,"에스티큐브 (+9.24%),인콘 (+2.82%),제넥신 (+1.46%),KH 필룩스 (+0.95%),메디포스트 (+0.35%),박셀바이오 (+0.26%),헬릭스미스 (0.00%),차바이오텍 (0.00%),HK이노엔 (-0.26%),셀리드 (-0.35%),지씨셀 (-0.63%),바이젠셀 (-0.78%),코오롱생명과학 (-0.93%),네오이뮨텍 (-1.08%),앱클론 (-1.88%),유틸렉스 (-2.42%),엔케이맥스 (-4.73%)"
"2022-11-30 16:13:05","https://stockplus.com/m/investing_strategies/topics/561","달러 가치 하락에 투자 (ETF·ETN)","0.82%","3.05%","10.14%","3.21%",4,"신한 인버스 2X 미국달러 선물 ETN (+1.35%),KOSEF 미국달러선물인버스2X (+1.34%),KOSEF 미국달러선물인버스 (+0.73%),신한 인버스 달러인덱스 선물 ETN(H) (-0.12%)"
"2022-11-30 16:13:07","https://stockplus.com/m/investing_strategies/topics/562","금강산 관광","0.84%","-7.79%","8.49%","1.32%",7,"일신석재 (+2.07%),대명소노시즌 (+1.75%),아난티 (+0.95%),국순당 (+0.88%),현대엘리베이 (+0.17%),팬스타엔터프라이즈 (+0.14%),한창 (-0.12%)"
"2022-11-30 16:13:08","https://stockplus.com/m/investing_strategies/topics/563","키즈","-0.08%","-0.59%","14.57%","5.93%",7,"삼성출판사 (+2.78%),삼익악기 (+1.56%),오로라 (+0.69%),토박스코리아 (+0.44%),대원미디어 (-0.34%),손오공 (-1.19%),캐리소프트 (-4.50%)"
"2022-11-30 16:13:10","https://stockplus.com/m/investing_strategies/topics/564","코스닥 하락에 투자 (ETF)","0.08%","4.61%","-4.24%","-0.06%",5,"KBSTAR 코스닥150선물인버스 (+0.28%),KODEX 코스닥150선물인버스 (+0.10%),TIGER 코스닥150선물인버스 (+0.09%),ARIRANG 코스닥150선물인버스 (+0.06%),KOSEF 코스닥150선물인버스 (-0.11%)"
"2022-11-30 16:13:12","https://stockplus.com/m/investing_strategies/topics/565","2022년 임상예정 제약·바이오","0.93%","-11.31%","2.14%","-0.33%",20,"에스티큐브 (+9.24%),에이비엘바이오 (+4.31%),에이비온 (+3.76%),오스코텍 (+2.82%),SK바이오사이언스 (+2.60%),브릿지바이오테라퓨틱스 (+2.13%),올릭스 (+1.67%),파멥신 (+1.58%),루닛 (+1.57%),SK바이오팜 (+0.82%),신테카바이오 (+0.59%),HLB (+0.15%),나이벡 (0.00%),지씨셀 (-0.63%),바이젠셀 (-0.78%),네오이뮨텍 (-1.08%),레고켐바이오 (-1.16%),앱클론 (-1.88%),유틸렉스 (-2.42%),엔케이맥스 (-4.73%)"
"2022-11-30 16:13:14","https://stockplus.com/m/investing_strategies/topics/566","의류 브랜드","0.81%","-3.81%","6.49%","2.27%",15,"브랜드엑스코퍼레이션 (+3.38%),진도 (+2.01%),대현 (+1.69%),그리티 (+1.63%),F&F (+1.34%),배럴 (+0.99%),LS네트웍스 (+0.98%),에스제이그룹 (+0.95%),크리스에프앤씨 (+0.72%),휠라홀딩스 (+0.46%),한섬 (0.00%),더네이쳐홀딩스 (0.00%),공구우먼 (0.00%),신성통상 (-0.41%),형지엘리트 (-1.58%)"
"2022-11-30 16:13:15","https://stockplus.com/m/investing_strategies/topics/567","의류 OEM·ODM","1.31%","-3.54%","11.82%","1.32%",9,"태평양물산 (+4.96%),호전실업 (+2.48%),국동 (+2.05%),제이에스코퍼레이션 (+1.38%),한세실업 (+0.63%),영원무역 (+0.53%),SG세계물산 (+0.36%),윌비스 (0.00%),한세예스24홀딩스 (-0.59%)"
"2022-11-30 16:13:17","https://stockplus.com/m/investing_strategies/topics/568","남북경협 - 광물자원개발","-0.82%","3.57%","10.82%","3.58%",22,"한국주강 (+2.35%),SH에너지화학 (+2.25%),포스코엠텍 (+1.49%),영흥 (+1.36%),엘컴텍 (+1.10%),동국알앤에스 (+1.03%),현대코퍼레이션 (+0.83%),비케이홀딩스 (+0.63%),한국내화 (+0.34%),티플랙스 (+0.23%),피제이메탈 (0.00%),삼영엠텍 (-0.24%),시노펙스 (-0.34%),현대에버다임 (-0.55%),유니온 (-0.58%),쎄노텍 (-0.82%),상보 (-1.39%),수산중공업 (-1.67%),포스코케미칼 (-1.80%),우림피티에스 (-2.12%),경동인베스트 (-7.06%),대창솔루션 (-12.98%)"
"2022-11-30 16:13:19","https://stockplus.com/m/investing_strategies/topics/570","남북경협 - DMZ","0.27%","3.28%","9.18%","0.21%",18,"크라운해태홀딩스 (+2.71%),딜리 (+2.59%),대창스틸 (+2.11%),모헨즈 (+1.60%),웰크론 (+1.58%),시공테크 (+1.56%),서희건설 (+0.79%),유진로봇 (+0.58%),시그네틱스 (+0.39%),이화공영 (+0.22%),누리플랜 (-0.20%),자연과환경 (-0.42%),퍼스텍 (-0.52%),디알텍 (-0.70%),삼륭물산 (-0.72%),코아스 (-1.36%),하이드로리튬 (-2.49%),씨아이테크 (-2.88%)"
"2022-11-30 16:13:21","https://stockplus.com/m/investing_strategies/topics/572","음식료 - 밀가루","0.99%","-14.35%","-2.20%","0.45%",5,"사조동아원 (+1.49%),CJ제일제당 (+1.41%),삼양사 (+1.29%),한탑 (+0.75%),대한제분 (0.00%)"
"2022-11-30 16:13:23","https://stockplus.com/m/investing_strategies/topics/573","반도체·디스플레이 - 이송장비","-0.01%","-5.50%","2.15%","-1.03%",6,"로체시스템즈 (+2.22%),에스에프에이 (+0.63%),라온테크 (-0.20%),싸이맥스 (-0.39%),3S (-0.60%),저스템 (-1.70%)"
"2022-11-30 16:13:25","https://stockplus.com/m/investing_strategies/topics/575","대형 건설사","1.83%","-1.49%","17.25%","3.78%",11,"태영건설 (+10.21%),DL이앤씨 (+3.72%),대우건설 (+3.46%),계룡건설 (+3.16%),현대건설 (+0.99%),삼성물산 (+0.83%),DL건설 (0.00%),삼성엔지니어링 (0.00%),HDC현대산업개발 (0.00%),코오롱글로벌 (-0.71%),GS건설 (-1.47%)"
"2022-11-30 16:13:26","https://stockplus.com/m/investing_strategies/topics/576","줄기세포치료제","0.98%","-16.97%","0.05%","0.98%",11,"코아스템 (+5.70%),세원이앤씨 (+3.94%),현대바이오랜드 (+2.79%),한독 (+0.62%),파미셀 (+0.50%),메디포스트 (+0.35%),강스템바이오텍 (+0.17%),차바이오텍 (0.00%),네이처셀 (-0.54%),에스씨엠생명과학 (-1.12%),안트로젠 (-1.67%)"
"2022-11-30 16:13:28","https://stockplus.com/m/investing_strategies/topics/577","희귀질환 치료제","0.11%","-21.93%","-0.80%","0.21%",12,"코아스템 (+5.70%),오스코텍 (+2.82%),한미약품 (+1.95%),티움바이오 (+0.99%),비엘 (-0.62%),이수앱지스 (-0.65%),펩트론 (-0.94%),메지온 (-1.18%),셀리버리 (-1.18%),압타바이오 (-1.42%),안트로젠 (-1.67%),아이큐어 (-2.50%)"
"2022-11-30 16:13:30","https://stockplus.com/m/investing_strategies/topics/579","화재","0.61%","-5.67%","4.09%","1.40%",9,"홈센타홀딩스 (+2.71%),파라텍 (+1.51%),오텍 (+1.23%),HRS (+0.93%),리노스 (+0.42%),한컴라이프케어 (+0.18%),한창 (-0.12%),현대에버다임 (-0.55%),광림 (-0.82%)"
"2022-11-30 16:13:32","https://stockplus.com/m/investing_strategies/topics/581","육계주","1.25%","-7.19%","3.77%","-2.88%",9,"이지홀딩스 (+2.67%),동우팜투테이블 (+2.42%),체리부로 (+1.92%),마니커 (+1.18%),정다운 (+1.14%),하림 (+0.92%),마니커에프앤지 (+0.74%),푸드나무 (+0.25%),팜스토리 (0.00%)"
"2022-11-30 16:13:33","https://stockplus.com/m/investing_strategies/topics/582","그래핀(Graphene)","0.68%","1.28%","8.18%","1.75%",21,"이엔플러스 (+13.96%),솔루에타 (+3.76%),엑사이엔씨 (+3.09%),대유에이피 (+2.05%),덕양산업 (+1.09%),엘엠에스 (+0.99%),대창 (+0.77%),디지아이 (+0.76%),잉크테크 (+0.70%),경인양행 (+0.52%),동성케미컬 (+0.43%),나노 (+0.43%),크린앤사이언스 (0.00%),스마트솔루션즈 (0.00%),해성디에스 (-0.24%),시노펙스 (-0.34%),상보 (-1.39%),덕산하이메탈 (-1.47%),오리엔트정공 (-1.77%),크리스탈신소재 (-2.31%),국일제지 (-7.53%)"
"2022-11-30 16:13:35","https://stockplus.com/m/investing_strategies/topics/584","희토류","-0.20%","-12.10%","3.16%","-1.85%",12,"대원화성 (+1.32%),동국알앤에스 (+1.03%),ARIRANG 글로벌희토류전략자원기업MV (+0.64%),혜인 (+0.56%),EG (+0.24%),티플랙스 (+0.23%),유니온머티리얼 (+0.17%),노바텍 (-0.23%),유니온 (-0.58%),쎄노텍 (-0.82%),상보 (-1.39%),텔레필드 (-3.54%)"
"2022-11-30 16:13:37","https://stockplus.com/m/investing_strategies/topics/585","대두","1.83%","-9.75%","1.55%","1.67%",5,"사조대림 (+4.09%),샘표식품 (+2.91%),풀무원 (+1.38%),샘표 (+0.64%),신송홀딩스 (+0.14%)"
"2022-11-30 16:13:39","https://stockplus.com/m/investing_strategies/topics/586","폭염","0.21%","-6.06%","12.21%","1.72%",14,"위니아 (+1.73%),위닉스 (+1.40%),롯데칠성 (+1.29%),배럴 (+0.99%),태경케미컬 (+0.90%),에스씨디 (+0.29%),에쎈테크 (+0.11%),하이트진로 (0.00%),신일전자 (0.00%),크린앤사이언스 (0.00%),후성 (0.00%),빙그레 (-0.50%),3S (-0.60%),파세코 (-2.70%)"
"2022-11-30 16:13:40","https://stockplus.com/m/investing_strategies/topics/588","현대·기아차 부품주","0.88%","-5.57%","6.73%","1.68%",20,"구영테크 (+4.19%),피에이치에이 (+2.59%),두올 (+2.57%),현대모비스 (+2.16%),금호에이치티 (+1.99%),한국단자 (+1.75%),성우하이텍 (+1.18%),일지테크 (+1.05%),현대공업 (+0.97%),동아화성 (+0.89%),대유에이텍 (+0.42%),모베이스전자 (+0.36%),HL만도 (+0.10%),화신 (0.00%),우리산업 (0.00%),한온시스템 (-0.11%),인팩 (-0.14%),에스엘 (-0.36%),현대위아 (-0.50%),코리아에프티 (-1.55%)"
"2022-11-30 16:13:42","https://stockplus.com/m/investing_strategies/topics/589","광고","1.33%","-1.33%","3.56%","3.00%",9,"나스미디어 (+3.90%),인크로스 (+2.77%),이노션 (+1.63%),오리콤 (+1.59%),제일기획 (+1.04%),지투알 (+0.99%),이엠넷 (0.00%),에코마케팅 (0.00%),플레이디 (0.00%)"
"2022-11-30 16:13:44","https://stockplus.com/m/investing_strategies/topics/592","CRO(임상시험수탁기관)","1.75%","-14.30%","-1.90%","-0.18%",9,"코아스템 (+5.70%),드림씨아이에스 (+3.72%),바이오톡스텍 (+2.14%),우정바이오 (+1.20%),디티앤씨알오 (+0.92%),에이디엠코리아 (+0.47%),켐온 (0.00%),노터스 (0.00%),오리엔트바이오 (-0.16%)"
"2022-11-30 16:13:46","https://stockplus.com/m/investing_strategies/topics/594","주정","1.36%","-1.03%","5.66%","0.49%",5,"풍국주정 (+2.88%),한국알콜 (+2.42%),창해에탄올 (+0.87%),MH에탄올 (+0.37%),진로발효 (+0.23%)"
"2022-11-30 16:13:48","https://stockplus.com/m/investing_strategies/topics/595","웹툰","0.29%","-3.49%","21.66%","5.02%",7,"NAVER (+2.47%),디앤씨미디어 (+1.21%),미스터블루 (+1.14%),NHN (+1.02%),카카오 (+0.89%),대원미디어 (-0.34%),키다리스튜디오 (-4.39%)"
"2022-11-30 16:13:49","https://stockplus.com/m/investing_strategies/topics/596","LNG선 - 기자재","0.06%","-9.12%","6.41%","-2.22%",11,"동성화인텍 (+1.35%),한국카본 (+0.85%),대양전기공업 (+0.81%),태광 (+0.28%),세진중공업 (+0.17%),하이록코리아 (0.00%),엔케이 (0.00%),성광벤드 (-0.33%),디케이락 (-0.37%),인화정공 (-0.77%),HSD엔진 (-1.31%)"
"2022-11-30 16:13:51","https://stockplus.com/m/investing_strategies/topics/600","수소차 - 인프라","-0.18%","-1.48%","17.27%","1.52%",11,"이엠코리아 (+6.90%),풍국주정 (+2.88%),에코바이오 (+2.26%),제이엔케이히터 (+0.15%),하이록코리아 (0.00%),디케이락 (-0.37%),효성첨단소재 (-0.63%),롯데케미칼 (-0.81%),두산퓨얼셀 (-2.89%),효성화학 (-3.85%),효성중공업 (-5.68%)"
"2022-11-30 16:13:53","https://stockplus.com/m/investing_strategies/topics/601","수소차 - 기타부품","1.97%","-5.79%","13.40%","3.67%",31,"대성하이텍 (+29.99%),유라테크 (+16.57%),성문전자 (+12.42%),세종공업 (+4.42%),성창오토텍 (+4.19%),대원강업 (+2.93%),유니크 (+2.89%),우수AMS (+2.89%),디와이 (+2.01%),자화전자 (+1.88%),인지컨트롤스 (+1.76%),일진다이아 (+1.47%),뉴인텍 (+1.40%),모토닉 (+1.08%),대우부품 (+0.93%),지엠비코리아 (+0.39%),모베이스전자 (+0.36%),EG (+0.24%),코웰패션 (0.00%),엔케이 (0.00%),우리산업 (0.00%),영화테크 (0.00%),한온시스템 (-0.11%),아이에이 (-0.29%),일진하이솔루스 (-0.30%),폴라리스세원 (-0.48%),삼화전자 (-0.71%),이지트로닉스 (-1.15%),엔바이오니아 (-3.28%),국일제지 (-7.53%),대창솔루션 (-12.98%)"
"2022-11-30 16:13:54","https://stockplus.com/m/investing_strategies/topics/602","탄소배출권 (온실가스)","0.77%","0.77%","16.65%","2.59%",12,"세종공업 (+4.42%),유니드 (+3.58%),에코프로 (+3.47%),SGC에너지 (+3.40%),에코바이오 (+2.26%),이건산업 (+0.13%),한솔홈데코 (0.00%),후성 (0.00%),TKG휴켐스 (-0.23%),클라우드에어 (-0.87%),KC코트렐 (-1.73%),그린케미칼 (-5.20%)"
"2022-11-30 16:13:56","https://stockplus.com/m/investing_strategies/topics/603","콜드체인","1.26%","-13.20%","2.98%","1.47%",12,"대한과학 (+7.09%),서린바이오 (+2.86%),일신바이오 (+2.06%),한국공항 (+1.67%),오텍 (+1.23%),태경케미컬 (+0.90%),투비소프트 (+0.49%),서남 (+0.45%),에스씨디 (+0.29%),동아쏘시오홀딩스 (-0.49%),지씨셀 (-0.63%),광림 (-0.82%)"
"2022-11-30 16:13:58","https://stockplus.com/m/investing_strategies/topics/604","철강 주요업체","3.93%","3.25%","15.96%","4.70%",10,"포스코스틸리온 (+29.87%),한국철강 (+2.44%),POSCO홀딩스 (+2.04%),세아베스틸지주 (+1.85%),대한제강 (+1.57%),현대제철 (+1.04%),동국제강 (+0.73%),고려제강 (+0.21%),KG스틸 (0.00%),아주스틸 (-0.43%)"
"2022-11-30 16:14:00","https://stockplus.com/m/investing_strategies/topics/605","철강 중소형업체","0.97%","-1.80%","6.73%","2.15%",34,"제이스코홀딩스 (+14.39%),금강철강 (+5.82%),디씨엠 (+3.30%),부국철강 (+3.14%),삼현철강 (+3.11%),만호제강 (+2.31%),SHD (+2.21%),동일철강 (+1.72%),영흥 (+1.36%),대양금속 (+1.17%),황금에스티 (+1.17%),화인베스틸 (+1.14%),동일제강 (+1.02%),유에스티 (+1.00%),문배철강 (+0.95%),대동스틸 (+0.88%),SIMPAC (+0.87%),동양철관 (+0.47%),동양에스텍 (+0.47%),경남스틸 (+0.45%),현대비앤지스틸 (+0.43%),한국주철관 (0.00%),동일산업 (0.00%),한국특강 (0.00%),원일특강 (0.00%),세아특수강 (0.00%),대호특수강 (0.00%),세아제강 (-0.99%),DSR제강 (-1.03%),동국산업 (-1.15%),한일철강 (-2.08%),한국선재 (-2.30%),TCC스틸 (-3.18%),NI스틸 (-4.47%)"
"2022-11-30 16:14:01","https://stockplus.com/m/investing_strategies/topics/606","황사·미세먼지 - 마스크 ","0.44%","-10.92%","6.13%","1.09%",14,"락앤락 (+3.48%),오공 (+3.08%),웰크론 (+1.58%),케이엠 (+0.81%),깨끗한나라 (+0.33%),모나리자 (+0.33%),한컴라이프케어 (+0.18%),상아프론테크 (+0.17%),윌비스 (0.00%),쌍방울 (0.00%),씨앤투스성진 (0.00%),휴비스 (-0.19%),비비씨 (-0.33%),엔바이오니아 (-3.28%)"
"2022-11-30 16:14:03","https://stockplus.com/m/investing_strategies/topics/607","황사·미세먼지 - 공기정화","0.21%","-7.48%","12.53%","1.10%",18,"코웨이 (+3.78%),쿠쿠홈시스 (+3.04%),위니아 (+1.73%),위닉스 (+1.40%),오텍 (+1.23%),나노 (+0.43%),에스씨디 (+0.29%),부스타 (+0.19%),상아프론테크 (+0.17%),크린앤사이언스 (0.00%),비디아이 (0.00%),씨앤투스성진 (0.00%),누리플랜 (-0.20%),비비씨 (-0.33%),하츠 (-0.51%),KC코트렐 (-1.73%),파세코 (-2.70%),엔바이오니아 (-3.28%)"
"2022-11-30 16:14:05","https://stockplus.com/m/investing_strategies/topics/608","은행","2.53%","11.54%","12.04%","6.20%",13,"제주은행 (+11.50%),푸른저축은행 (+3.94%),우리금융지주 (+2.77%),DGB금융지주 (+2.46%),신한지주 (+2.01%),하나금융지주 (+1.83%),KB금융 (+1.74%),JB금융지주 (+1.69%),리드코프 (+1.36%),기업은행 (+1.36%),BNK금융지주 (+1.23%),상상인 (+0.98%),카카오뱅크 (0.00%)"
"2022-11-30 16:14:07","https://stockplus.com/m/investing_strategies/topics/610","야놀자 관련주","0.97%","-3.45%","8.76%","6.26%",4,"한화생명 (+3.71%),한화투자증권 (+1.54%),아주IB투자 (-0.56%),SBI인베스트먼트 (-0.81%)"
"2022-11-30 16:14:08","https://stockplus.com/m/investing_strategies/topics/611","마켓컬리 관련주","0.90%","-11.28%","6.15%","2.11%",9,"DSC인베스트먼트 (+3.70%),케이씨피드 (+1.42%),SK네트웍스 (+1.20%),태경케미컬 (+0.90%),이씨에스 (+0.83%),흥국에프엔비 (+0.73%),지어소프트 (+0.22%),미래에셋벤처투자 (0.00%),우양 (-0.88%)"
"2022-11-30 16:14:10","https://stockplus.com/m/investing_strategies/topics/612","LED","0.74%","-10.11%","9.44%","2.25%",19,"루멘스 (+7.51%),티엘아이 (+2.63%),엘디티 (+2.18%),한국단자 (+1.75%),일진디스플 (+1.48%),광전자 (+1.33%),에스엘바이오닉스 (+1.00%),금호전기 (+1.00%),우리이앤엘 (+0.87%),아이엘사이언스 (+0.83%),큐에스아이 (+0.40%),파커스 (+0.20%),빛샘전자 (+0.17%),서울반도체 (0.00%),소룩스 (0.00%),클라우드에어 (-0.87%),코세스 (-0.92%),서울바이오시스 (-2.25%),기가레인 (-3.31%)"
"2022-11-30 16:14:12","https://stockplus.com/m/investing_strategies/topics/616","전염병(코로나19) - 제약","-0.34%","-16.25%","2.29%","-0.51%",41,"메디콕스 (+4.87%),서린바이오 (+2.86%),지엘팜텍 (+2.79%),SK바이오사이언스 (+2.60%),금호에이치티 (+1.99%),삼천당제약 (+0.90%),큐로컴 (+0.81%),아미코젠 (+0.77%),마크로젠 (+0.76%),이화전기 (+0.70%),신테카바이오 (+0.59%),동구바이오제약 (+0.51%),웰바이오텍 (+0.39%),씨티씨바이오 (+0.28%),삼성바이오로직스 (+0.23%),이트론 (0.00%),아이진 (-0.17%),대원제약 (-0.28%),셀트리온 (-0.28%),셀리드 (-0.35%),셀루메드 (-0.39%),에스티팜 (-0.39%),국전약품 (-0.42%),바이넥스 (-0.45%),이아이디 (-0.49%),프레스티지바이오파마 (-0.61%),이수앱지스 (-0.65%),샤페론 (-0.98%),옵티팜 (-0.99%),유바이오로직스 (-1.33%),이연제약 (-1.50%),일동제약 (-1.54%),신풍제약 (-1.59%),진원생명과학 (-1.69%),앱클론 (-1.88%),휴메딕스 (-1.98%),유나이티드제약 (-2.13%),현대바이오 (-2.80%),한국비엔씨 (-3.27%),SBW생명과학 (-4.18%),엔케이맥스 (-4.73%)"
"2022-11-30 16:14:14","https://stockplus.com/m/investing_strategies/topics/617","전염병(코로나19) - 진단","-0.40%","-12.72%","3.74%","-1.39%",35,"나노브릭 (+3.98%),진시스템 (+2.15%),얼라인드 (+1.75%),휴마시스 (+1.57%),제놀루션 (+1.15%),디엔에이링크 (+0.92%),진매트릭스 (+0.66%),바이오스마트 (+0.58%),파미셀 (+0.50%),바디텍메드 (+0.50%),프리시젼바이오 (+0.32%),팜젠사이언스 (+0.29%),씨티씨바이오 (+0.28%),인바이오젠 (+0.20%),랩지노믹스 (+0.16%),나노엔텍 (+0.10%),피에이치씨 (0.00%),제노포커스 (0.00%),피씨엘 (0.00%),시스웍 (0.00%),에스디바이오센서 (-0.15%),앤디포스 (-0.18%),오상자이엘 (-0.20%),EDGC (-0.52%),미코바이오메드 (-0.53%),엑세스바이오 (-0.78%),수젠텍 (-1.47%),소마젠 (-1.51%),바이오니아 (-1.77%),마이크로디지탈 (-1.92%),시너지이노베이션 (-2.42%),아이큐어 (-2.50%),인트론바이오 (-2.58%),클리노믹스 (-3.33%),씨젠 (-8.43%)"
"2022-11-30 16:14:16","https://stockplus.com/m/investing_strategies/topics/618","전염병(코로나19) - 기타","0.12%","-8.05%","2.73%","-0.93%",17,"승일 (+3.14%),엑사이엔씨 (+3.09%),링네트 (+2.19%),오텍 (+1.23%),우정바이오 (+1.20%),네오팜 (+1.09%),더코디 (+1.00%),고려제약 (+0.94%),소프트캠프 (+0.33%),멕아이씨에스 (+0.26%),신성이엔지 (0.00%),지티지웰니스 (0.00%),파루 (-0.22%),GH신소재 (-1.05%),알서포트 (-1.68%),에스와이 (-4.75%),이수화학 (-4.80%)"
"2022-11-30 16:14:18","https://stockplus.com/m/investing_strategies/topics/619","화학 - NCC","0.19%","3.14%","8.23%","2.34%",12,"LG화학 (+3.50%),KPX케미칼 (+2.63%),한국알콜 (+2.42%),SKC (+2.28%),롯데정밀화학 (+1.30%),송원산업 (+0.28%),태광산업 (+0.27%),금호석유 (-0.66%),롯데케미칼 (-0.81%),한화솔루션 (-1.72%),대한유화 (-3.29%),효성화학 (-3.85%)"
"2022-11-30 16:14:19","https://stockplus.com/m/investing_strategies/topics/620","NFT(대체불가능토큰)","-0.16%","-10.40%","6.22%","-1.54%",30,"MDS테크 (+6.54%),엔씨소프트 (+3.52%),카카오게임즈 (+2.23%),신한지주 (+2.01%),초록뱀미디어 (+1.27%),NHN (+1.02%),폴라리스오피스 (+0.96%),카카오 (+0.89%),다날 (+0.88%),블리츠웨이 (+0.50%),블루베리 NFT (+0.36%),네오리진 (0.00%),위메이드 (0.00%),아톤 (-0.20%),룽투코리아 (-0.30%),엠게임 (-0.67%),하이브 (-0.69%),FSN (-0.71%),에스엠 (-1.25%),아프리카TV (-1.26%),YG PLUS (-1.28%),컴투스홀딩스 (-1.37%),컴투스 (-1.58%),서울옥션 (-1.73%),갤럭시아머니트리 (-1.93%),바른손 (-1.96%),솔트룩스 (-2.02%),와이지엔터테인먼트 (-2.23%),디어유 (-2.33%),에이스토리 (-3.64%)"
"2022-11-30 16:14:21","https://stockplus.com/m/investing_strategies/topics/621","유가 상승 수혜 - 유류도소매","1.99%","-12.93%","0.40%","2.14%",7,"흥구석유 (+3.90%),중앙에너비스 (+2.62%),대성산업 (+2.59%),SH에너지화학 (+2.25%),남해화학 (+1.67%),리드코프 (+1.36%),이아이디 (-0.49%)"
"2022-11-30 16:14:23","https://stockplus.com/m/investing_strategies/topics/622","미용기기","0.21%","2.92%","7.26%","1.13%",13,"메디톡스 (+2.40%),비올 (+2.29%),파마리서치 (+1.67%),이루다 (+1.47%),휴온스글로벌 (+1.33%),하이로닉 (+0.98%),티앤엘 (+0.72%),대웅제약 (0.00%),루트로닉 (-0.25%),휴젤 (-0.61%),휴메딕스 (-1.98%),제이시스메디칼 (-2.63%),클래시스 (-2.64%)"
"2022-11-30 16:14:25","https://stockplus.com/m/investing_strategies/topics/623","토스 관련주","1.12%","-8.77%","6.56%","0.20%",5,"다올투자증권 (+2.19%),하나금융지주 (+1.83%),한화투자증권 (+1.54%),이월드 (+0.60%),한국전자인증 (-0.58%)"
"2022-11-30 16:14:26","https://stockplus.com/m/investing_strategies/topics/624","제지","0.08%","-4.76%","6.43%","0.15%",9,"한창제지 (+2.58%),무림페이퍼 (+1.65%),페이퍼코리아 (+1.59%),무림SP (+1.37%),무림P&P (+0.76%),깨끗한나라 (+0.33%),모나리자 (+0.33%),한솔제지 (-0.36%),국일제지 (-7.53%)"
"2022-11-30 16:14:28","https://stockplus.com/m/investing_strategies/topics/625"," 보툴리눔 톡신 (보톡스)","0.47%","-11.63%","5.50%","-2.12%",11,"제테마 (+4.37%),메디톡스 (+2.40%),파마리서치 (+1.67%),알에프텍 (+1.51%),휴온스글로벌 (+1.33%),대웅제약 (0.00%),디에스케이 (-0.37%),휴젤 (-0.61%),바이오플러스 (-0.70%),휴온스 (-1.15%),한국비엔씨 (-3.27%)"
"2022-11-30 16:14:30","https://stockplus.com/m/investing_strategies/topics/626","신용정보 (신용평가)","1.32%","1.95%","-1.40%","1.07%",7,"SCI평가정보 (+4.43%),NICE평가정보 (+2.40%),고려신용정보 (+0.91%),NICE (+0.80%),나이스디앤비 (+0.52%),이크레더블 (+0.29%),한국기업평가 (-0.14%)"
"2022-11-30 16:14:32","https://stockplus.com/m/investing_strategies/topics/666","전자담배","2.57%","-5.30%","11.89%","6.25%",6,"알에프세미 (+9.85%),KT&G (+3.31%),이랜텍 (+1.99%),아이티엠반도체 (+0.98%),KCTC (0.00%),이엠텍 (-0.74%)"
"2022-11-30 16:14:33","https://stockplus.com/m/investing_strategies/topics/675","싸이월드 관련주","1.68%","-20.64%","3.88%","0.84%",9,"MDS테크 (+6.54%),초록뱀컴퍼니 (+1.99%),한글과컴퓨터 (+1.45%),초록뱀이앤엠 (+1.05%),다날 (+0.88%),CBI (+0.66%),NHN벅스 (+0.49%),한컴위드 (+0.38%),인트로메딕 (0.00%)"
"2022-11-30 16:14:35","https://stockplus.com/m/investing_strategies/topics/677","고배당주","1.36%","1.02%","4.31%","2.75%",13,"KT&G (+3.31%),HL홀딩스 (+2.30%),삼성카드 (+2.05%),한일현대시멘트 (+1.73%),JB금융지주 (+1.69%),현대해상 (+1.51%),DB손해보험 (+1.31%),아이마켓코리아 (+0.98%),한국자산신탁 (+0.93%),KT (+0.67%),삼성화재 (+0.49%),SK텔레콤 (+0.40%),정상제이엘에스 (+0.27%)"
"2022-11-30 16:14:37","https://stockplus.com/m/investing_strategies/topics/705","종합상사","0.73%","-2.21%","7.35%","1.89%",7,"LX인터내셔널 (+2.11%),SK네트웍스 (+1.20%),현대코퍼레이션 (+0.83%),삼성물산 (+0.83%),GS글로벌 (+0.74%),포스코인터내셔널 (+0.21%),효성티앤씨 (-0.83%)"
"2022-11-30 16:14:39","https://stockplus.com/m/investing_strategies/topics/710","폐배터리 ","0.59%","-5.60%","5.06%","2.47%",18,"LG에너지솔루션 (+3.53%),웰크론한텍 (+3.03%),에코프로비엠 (+2.99%),인선이엔티 (+2.62%),SK이노베이션 (+2.29%),영풍 (+1.59%),엘앤에프 (+1.43%),파워로직스 (+0.96%),새빗켐 (+0.49%),성일하이텍 (+0.16%),현대차 (0.00%),영화테크 (0.00%),아이에스동서 (-0.15%),하나기술 (-0.30%),NPC (-0.84%),이지트로닉스 (-1.15%),코스모화학 (-1.50%),디에이테크놀로지 (-4.51%)"
"2022-11-30 16:14:40","https://stockplus.com/m/investing_strategies/topics/720","원격근무(재택근무)","1.04%","-2.64%","10.63%","2.59%",14,"오파스넷 (+5.06%),휴네시온 (+3.86%),링네트 (+2.19%),더존비즈온 (+1.70%),NHN (+1.02%),폴라리스오피스 (+0.96%),이씨에스 (+0.83%),효성ITX (+0.71%),소프트캠프 (+0.33%),파수 (+0.11%),에스넷 (0.00%),영림원소프트랩 (0.00%),제이씨현시스템 (-0.54%),알서포트 (-1.68%)"
"2022-11-30 16:14:42","https://stockplus.com/m/investing_strategies/topics/727","우크라 재건","-0.18%","4.49%","14.02%","0.77%",16,"유신 (+3.17%),KH 건설 (+2.67%),프리엠스 (+2.01%),혜인 (+0.56%),대호에이엘 (+0.31%),동일고무벨트 (+0.14%),그린플러스 (0.00%),서암기계공업 (-0.14%),서연탑메탈 (-0.31%),삼부토건 (-0.32%),도화엔지니어링 (-0.50%),현대에버다임 (-0.55%),수산중공업 (-1.67%),디와이파워 (-2.17%),다스코 (-3.00%),대모 (-3.02%)"
"2022-11-30 16:14:44","https://stockplus.com/m/investing_strategies/topics/728","친환경 플라스틱","0.60%","-3.12%","7.91%","2.21%",16,"BGF (+18.29%),SKC (+2.28%),코오롱인더 (+1.66%),삼양홀딩스 (+1.52%),CJ제일제당 (+1.41%),대상 (+1.19%),에스폴리텍 (+0.59%),씨티케이 (+0.20%),웹스 (-0.19%),휴비스 (-0.19%),롯데케미칼 (-0.81%),효성티앤씨 (-0.83%),한화솔루션 (-1.72%),세림B&G (-2.33%),그린케미칼 (-5.20%),SK케미칼 (-6.33%)"
"2022-11-30 16:14:46","https://stockplus.com/m/investing_strategies/topics/729","비철금속 - 리튬","0.81%","30.90%","18.49%","7.95%",18,"이엔플러스 (+13.96%),세방전지 (+4.31%),금양 (+3.19%),웰크론한텍 (+3.03%),포스코엠텍 (+1.49%),대보마그네틱 (+1.41%),TIGER 글로벌리튬&2차전지SOLACTIVE(합성) (+1.17%),성일하이텍 (+0.16%),천보 (+0.08%),후성 (0.00%),지엔원에너지 (0.00%),이브이첨단소재 (-1.26%),유일에너테크 (-1.45%),코스모화학 (-1.50%),포스코케미칼 (-1.80%),하이드로리튬 (-2.49%),강원에너지 (-2.87%),코스모신소재 (-2.92%)"
"2022-11-30 16:14:47","https://stockplus.com/m/investing_strategies/topics/734","네옴시티 관련주","0.11%","39.41%","28.28%","3.84%",24,"성신양회 (+6.10%),대우건설 (+3.46%),현대로템 (+2.74%),한국전력 (+2.22%),POSCO홀딩스 (+2.04%),LS전선아시아 (+1.75%),롯데정밀화학 (+1.30%),희림 (+1.27%),두산에너빌리티 (+0.90%),삼성물산 (+0.83%),S-Oil (+0.46%),제이엔케이히터 (+0.15%),피앤씨테크 (0.00%),지엔원에너지 (0.00%),비피도 (0.00%),대한전선 (-0.29%),코오롱글로벌 (-0.71%),유바이오로직스 (-1.33%),비엠티 (-1.59%),세우글로벌 (-1.63%),SNT에너지 (-2.86%),다스코 (-3.00%),한미글로벌 (-3.46%),효성중공업 (-5.68%)"
"2022-11-30 16:14:49","https://stockplus.com/m/investing_strategies/topics/738","카타르 축구경기","0.64%","-2.94%","9.39%","-3.05%",21,"BGF리테일 (+3.27%),이지바이오 (+2.49%),동우팜투테이블 (+2.42%),이노션 (+1.63%),롯데칠성 (+1.29%),마니커 (+1.18%),정다운 (+1.14%),GS리테일 (+1.02%),하림 (+0.92%),국순당 (+0.88%),마니커에프앤지 (+0.74%),무학 (+0.59%),보해양조 (+0.30%),SBS (+0.29%),푸드나무 (+0.25%),하이트진로 (0.00%),팜스토리 (0.00%),교촌에프앤비 (-0.47%),아프리카TV (-1.26%),제주맥주 (-1.45%),하인크코리아 (-1.73%)"